EloRank,Initial,Surname,Elo,EloSigma,EloSkill,EloForm
1,R,HOULDEN,1684.335,120.0,1583.221,101.114
2,T,DUNBAR,1683.902,120.0,1605.79,78.111
3,S,COOLEY,1671.225,120.0,1605.641,65.584
4,H,YOUNG,1650.724,120.0,1553.742,96.982
5,J,TOOP,1633.902,120.0,1580.906,52.996
6,J,HO,1631.602,120.0,1561.451,70.151
7,E,TAYLOR,1613.399,120.0,1560.561,52.839
8,S,TAILOR,1610.936,120.0,1549.716,61.22
9,R,PERRIE,1596.243,120.0,1553.695,42.548
10,C,PLUMMER,1595.647,120.0,1530.812,64.836
11,N,CAPLIN,1595.49,120.0,1540.938,54.552
12,H,WISEMAN,1595.388,120.0,1559.487,35.901
13,V,BHIMJIYANI,1588.77,120.0,1542.8,45.97
14,S,WELTI,1585.099,120.0,1534.752,50.347
15,A,ABRAHAMS,1584.5,144.5,1530.409,54.09
16,L,BROCK,1584.205,120.0,1551.016,33.189
17,G,CAMPBELL,1582.037,120.0,1534.584,47.453
18,P,DUNBAR,1579.625,120.0,1530.342,49.283
19,A,THEODOSSI,1577.097,127.631,1545.97,31.127
20,C,HUGHES,1576.627,120.0,1535.589,41.038
21,M,WISEMAN,1576.205,120.0,1544.372,31.833
22,E,ROSE,1573.952,120.0,1521.83,52.121
23,D,FOSTER,1573.618,120.0,1523.114,50.504
24,G,WISEMAN,1571.038,120.0,1524.495,46.543
25,R,TYLER,1570.851,120.0,1534.241,36.61
26,T,BARKER,1570.601,120.0,1529.062,41.539
27,P,COHEN,1563.396,120.0,1514.846,48.55
28,J,MARKS,1563.287,120.0,1530.04,33.247
29,B,MERRETT,1561.252,120.0,1518.093,43.159
30,C,KOKSAL,1560.15,120.0,1519.478,40.671
31,AB,BHATTACHARYA,1559.221,120.0,1526.921,32.299
32,T,MCCAHON,1558.478,120.0,1522.665,35.813
33,A,JOYCE,1557.16,120.0,1524.532,32.627
34,J,HOPKINS,1556.716,120.0,1513.126,43.589
35,P,SATHIYAMOORTHY,1556.632,120.0,1519.691,36.94
36,E,SCOONES,1556.05,144.5,1524.132,31.918
37,K,HIRD,1555.497,148.636,1530.286,25.211
38,J,PEMBERTON,1554.614,120.0,1513.9,40.714
39,W,SISSONS,1554.407,120.0,1514.525,39.882
40,AR,BHATTACHARYA,1554.031,120.0,1522.962,31.069
41,R,WORTH,1553.74,182.1,1530.052,23.688
42,T,WALTERS,1553.549,120.0,1513.411,40.137
43,G,THOMASON,1552.192,120.0,1517.395,34.797
44,F,PRICKETT,1551.739,120.0,1513.949,37.79
45,K,NWUBA,1550.918,120.0,1512.549,38.368
46,T,COX,1550.16,182.1,1526.131,24.028
47,C,COOLEY,1549.38,167.366,1527.135,22.245
48,T,GALLAGHER,1546.164,210.732,1522.76,23.404
49,J,PRIOR,1546.029,135.107,1519.832,26.197
50,A,TAYLOR,1546.027,145.548,1520.084,25.943
51,T,GREGORY,1545.225,181.438,1520.133,25.092
52,J,ALSTER,1545.149,155.731,1511.245,33.904
53,S,SIMMONS,1545.113,157.357,1521.466,23.647
54,D,MEW,1545.053,237.666,1524.623,20.43
55,R,MORGAN,1544.422,146.901,1520.991,23.431
56,T,COTTERELL,1544.185,123.353,1510.429,33.756
57,P,WHITE,1543.415,120.0,1508.262,35.153
58,T,BETTS,1543.322,181.566,1514.458,28.864
59,S,BURNELL,1542.567,185.712,1517.035,25.532
60,A,VINEN,1542.265,127.801,1508.852,33.413
61,R,WILSON,1542.215,120.0,1514.563,27.652
62,J,PIGGOT,1542.188,120.0,1509.573,32.615
63,M,KOVAR,1541.605,120.0,1510.733,30.872
64,G,CHAPMAN,1541.476,168.668,1511.682,29.794
65,J,PATEL,1541.326,167.842,1511.059,30.267
66,J,RAVI,1541.282,194.48,1515.438,25.845
67,J,LEFORT,1541.018,120.0,1509.922,31.096
68,L,LLOYD-JONES,1540.457,173.045,1509.155,31.301
69,I,JOCHIM,1540.152,162.515,1508.693,31.46
70,H,RAVI,1540.138,176.96,1509.71,30.428
71,A,CAMERON-BLACKIE,1539.938,176.96,1509.417,30.521
72,A,RENNIE,1539.637,132.512,1516.537,23.1
73,I,WEAVER,1538.594,150.86,1509.5,29.094
74,C,AUSTIN,1538.408,142.622,1516.053,22.356
75,N,CHOUSTIKOV,1538.27,190.951,1512.161,26.108
76,T,WELTI,1538.028,245.65,1519.882,18.146
77,M,DESOUZAGIRAO,1537.962,177.482,1508.286,29.676
78,D,ROBSON,1537.855,189.643,1512.291,25.565
79,A,MORRIS,1537.035,288.438,1518.694,18.341
80,SAHIL,SHAH,1536.887,229.5,1517.251,19.636
81,B,HART,1536.739,181.566,1507.828,28.911
82,G,HOSKINS,1536.682,144.5,1511.041,25.641
83,A,AGARWAL,1536.289,150.815,1507.906,28.383
84,N,TURNBULL,1536.169,207.778,1513.287,22.881
85,S,KUNDU,1535.863,239.509,1510.072,25.791
86,K,WALTON,1535.832,218.873,1506.866,28.966
87,H,BLOFIELD,1535.46,184.766,1514.924,20.536
88,A,ASLAM-BASKEYFIELD,1535.273,144.935,1507.213,28.06
89,GUY,WILLIAMS,1534.335,187.0,1517.843,16.493
90,T,ARJARIA,1534.222,195.745,1507.734,26.488
91,O,HALLAM,1534.147,180.431,1508.043,26.104
92,O,SANDER,1534.088,203.582,1507.033,27.055
93,O,DENBY,1533.925,156.73,1508.417,25.508
94,R,WIJERATNE,1533.374,173.673,1507.531,25.843
95,D,REDMOND,1533.192,287.427,1512.487,20.705
96,J,ABBOTT,1533.166,135.107,1509.374,23.792
97,B,SWALLOW,1533.056,212.103,1505.907,27.149
98,H,GIBSON-LEITAO,1532.577,165.814,1512.111,20.466
99,I,SALIM,1532.45,208.803,1507.141,25.309
100,C,BALLINGALL,1532.266,191.422,1506.221,26.045
101,I,WAGLAND,1532.165,181.397,1505.484,26.681
102,W,THOMAS,1532.137,287.795,1511.335,20.802
103,M,TAVRA,1532.121,266.491,1509.165,22.957
104,W,SORRELL,1532.008,155.297,1504.801,27.207
105,A,KNIGHT,1531.965,331.5,1513.827,18.137
106,J,BLACK,1531.914,245.65,1511.607,20.307
107,N,BUNYAN,1531.725,201.45,1513.928,17.797
108,C,SELF,1531.351,181.397,1505.417,25.934
109,A,LUMBARD,1530.501,313.497,1513.586,16.916
110,W,SEATH,1530.225,285.31,1507.434,22.791
111,O,AVERY,1530.201,291.136,1510.013,20.188
112,D,INGRAM,1529.884,174.502,1505.272,24.612
113,C,LUMBARD,1529.7,252.251,1510.124,19.576
114,T,KIRKBY,1529.281,242.81,1506.116,23.165
115,J,O'NEILL,1529.212,120.0,1505.974,23.239
116,E,SMITH,1529.134,218.827,1505.295,23.839
117,H,LEWIS,1528.38,237.575,1513.52,14.86
118,E,CALDWELL,1527.956,260.022,1506.722,21.234
119,C,NICHOLLS,1527.818,245.65,1507.632,20.186
120,Y,BLEUNVEN,1527.786,218.827,1505.15,22.636
121,T,BYRNE,1527.786,218.827,1505.15,22.636
122,R,MALIK,1527.786,218.827,1505.15,22.636
123,A,FIELD,1527.279,223.897,1505.841,21.438
124,C,RENNIE,1527.235,233.922,1506.507,20.728
125,A,YUSAF,1527.23,213.408,1504.579,22.651
126,H,ETHERINGTON,1526.983,255.908,1505.33,21.654
127,J,HUDSON-WILLIAMS,1526.763,132.002,1504.296,22.467
128,N,SHAW,1526.745,293.802,1513.269,13.475
129,R,MACDONALD-O'BRIEN,1526.402,213.408,1504.509,21.892
130,A,BACKHOUSE,1526.399,182.702,1503.96,22.439
131,G,NSENGA,1526.16,182.702,1504.323,21.837
132,M,CHINERY,1526.075,320.721,1510.807,15.268
133,A,PHILLIPS,1525.91,255.908,1505.486,20.425
134,P,ASHWORTH,1525.736,245.65,1504.706,21.03
135,J,BARLEY,1525.736,245.65,1504.706,21.03
136,A,WELLESLEY,1525.676,197.797,1505.222,20.454
137,T,WELD,1525.636,182.702,1504.016,21.62
138,S,THATCHER,1525.363,292.033,1506.058,19.305
139,E,EVANS,1525.324,285.658,1505.679,19.645
140,H,TURNBULL,1525.289,292.033,1505.89,19.4
141,J,COAKLEY,1525.188,182.702,1503.778,21.41
142,S,YICK,1525.129,255.908,1505.367,19.761
143,P,HOLLAND,1524.992,296.147,1506.944,18.048
144,S,MCLOUGHLIN,1524.785,272.0,1512.08,12.705
145,I,ADEBEKUN,1524.264,251.069,1504.12,20.143
146,C,GRAVILLE,1524.264,251.069,1504.12,20.143
147,V,PRASHRA,1524.264,251.069,1504.12,20.143
148,F,BARON,1524.204,251.069,1504.29,19.914
149,M,HUGHES,1524.138,331.5,1509.851,14.287
150,A,DESHMUKH,1523.64,225.202,1504.58,19.059
151,G,LEWIS,1523.583,223.897,1505.041,18.543
152,H,FLOWERS,1523.442,292.033,1505.578,17.864
153,I,MITCHELL,1523.439,251.069,1504.142,19.296
154,W,GIBBONS,1523.252,213.408,1503.929,19.322
155,D,LEACH,1523.252,213.408,1503.929,19.322
156,V,GUDIWALA,1523.102,340.0,1507.492,15.61
157,C,STONE,1522.973,214.944,1503.932,19.04
158,GRANT,WILLIAMS,1522.953,340.0,1513.334,9.619
159,A,WALTERS,1522.894,182.702,1503.434,19.46
160,E,HABERSHON,1522.868,298.607,1507.24,15.628
161,W,BETTS,1522.571,340.0,1512.16,10.411
162,V,KASSARDJIAN,1522.526,293.569,1504.093,18.433
163,L,DRUMMOND,1522.404,293.569,1504.422,17.982
164,B,ALDERSON,1522.226,214.944,1503.334,18.892
165,G,STANHOPE,1522.084,293.569,1504.261,17.823
166,WHITE,WHITE,1522.045,328.158,1505.641,16.404
167,H,ASQUITH,1522.017,257.444,1503.897,18.121
168,K,BHAVSAR,1521.902,257.444,1504.043,17.859
169,H,BROMLEY-DAVENPORT,1521.902,257.444,1504.043,17.859
170,O,RUSHTON,1521.902,257.444,1504.043,17.859
171,L,WHITNALL,1521.902,257.444,1504.043,17.859
172,J,BETTS,1521.375,214.944,1503.206,18.169
173,J,AINSLIE,1521.348,293.569,1504.267,17.081
174,N,ARGYLE,1521.348,293.569,1504.267,17.081
175,B,DOVGYY,1521.322,339.952,1505.813,15.51
176,M,BASSOT,1521.264,214.944,1503.19,18.074
177,W,PONSONBY,1520.854,214.944,1503.128,17.726
178,J,LAWRENCE,1520.566,340.0,1507.799,12.768
179,S,CHAPMAN,1520.539,308.897,1506.124,14.415
180,S,LITTLE,1520.532,214.944,1503.08,17.453
181,TOM,FLETCHER,1520.33,251.069,1503.998,16.332
182,J,FLOWERS,1520.328,266.397,1505.708,14.62
183,A,GARRETT,1520.096,225.202,1503.863,16.233
184,D,TAYLOR-WEST,1520.065,308.897,1505.885,14.18
185,E,OSEN,1519.844,329.694,1504.493,15.351
186,SA,BALAJI,1519.796,214.944,1502.969,16.827
187,L,MACLEAN,1519.796,214.944,1502.969,16.827
188,G,BATTERSBY,1519.726,293.569,1504.108,15.618
189,T,BREESE,1519.726,293.569,1504.108,15.618
190,M,HULSE,1519.726,293.569,1504.108,15.618
191,M,QUINN,1519.726,293.569,1504.108,15.618
192,A,SAPOZHENKO,1519.726,293.569,1504.108,15.618
193,M,VANWYK,1519.726,293.569,1504.108,15.618
194,A,SHAH,1519.677,293.569,1504.267,15.41
195,A,BENSON,1519.592,214.944,1502.939,16.653
196,I,HUTCHINSON,1519.496,340.0,1509.373,10.123
197,M,PUGH,1518.97,340.0,1509.774,9.196
198,N,ADDY,1518.951,214.944,1502.843,16.109
199,M,YATES,1518.944,340.0,1509.366,9.578
200,R,BRYAN,1518.929,214.944,1502.839,16.09
201,W,JONES,1518.929,214.944,1502.839,16.09
202,D,ORCHARD,1518.831,182.702,1502.825,16.006
203,T,FARMER,1518.728,299.944,1504.02,14.708
204,T,CAMPBELL,1518.192,340.0,1504.552,13.64
205,P,SCHOLEY,1518.002,214.944,1502.7,15.302
206,R,BEENSTOCK,1517.638,214.944,1502.646,14.992
207,C,JONES,1517.617,340.0,1505.768,11.85
208,J,CAPSTICK-DALE,1517.568,252.875,1502.805,14.762
209,E,CHRISTIE,1517.568,252.875,1502.805,14.762
210,H,WEBSTER,1517.553,336.069,1504.228,13.325
211,T,FLETCHER,1517.522,252.875,1502.819,14.703
212,A,ANDERSON,1517.413,295.375,1502.928,14.485
213,A,CRAWFORD,1517.413,295.375,1502.928,14.485
214,M,GOLDMAN,1517.413,295.375,1502.928,14.485
215,I,KIDD,1517.413,295.375,1502.928,14.485
216,R,PATTISON,1517.413,295.375,1502.928,14.485
217,J,SAUNDERS,1517.413,295.375,1502.928,14.485
218,M,SKJOTT,1517.413,295.375,1502.928,14.485
219,C,WHEELER,1517.413,295.375,1502.928,14.485
220,S,CASS,1517.351,295.375,1503.097,14.254
221,N,COX,1517.351,295.375,1503.097,14.254
222,E,GARFIELD-OSEN,1517.351,295.375,1503.097,14.254
223,N,GILL,1517.351,295.375,1503.097,14.254
224,R,THOROGOOD,1517.351,295.375,1503.097,14.254
225,S,WOOLFRIES,1517.351,295.375,1503.097,14.254
226,P,CLARK,1517.334,267.702,1503.983,13.351
227,H,GARDNER,1517.265,295.375,1502.76,14.505
228,E,GOSNELL,1517.265,295.375,1502.76,14.505
229,SU,BALAJI,1517.165,295.375,1502.929,14.236
230,S,CHRISTOPHER,1517.165,295.375,1502.929,14.236
231,J,LEVINSON,1517.165,295.375,1502.929,14.236
232,A,NICE,1517.058,340.0,1504.729,12.328
233,B,JONES,1516.144,337.875,1503.228,12.917
234,T,LEACH,1516.144,337.875,1503.228,12.917
235,J,STALEY,1516.144,337.875,1503.228,12.917
236,M,DAVIS,1516.124,337.875,1503.059,13.064
237,P,BOUGHTON,1516.039,340.0,1505.677,10.362
238,P,WORTH,1515.922,295.375,1502.937,12.985
239,P,ROPER,1515.623,340.0,1504.56,11.063
240,L,VANHAESEBROECK,1515.623,252.875,1502.66,12.963
241,B,ADENUGBA,1515.518,295.375,1502.769,12.749
242,G,BRADSHAW,1515.518,295.375,1502.769,12.749
243,T,BROMLEY-DAVENPORT,1515.518,295.375,1502.769,12.749
244,T,CASTLING,1515.518,295.375,1502.769,12.749
245,E,CLARK,1515.518,295.375,1502.769,12.749
246,S,COTTY,1515.518,295.375,1502.769,12.749
247,J,CREWS,1515.518,295.375,1502.769,12.749
248,C,DINMORE,1515.518,295.375,1502.769,12.749
249,M,DRAPER,1515.518,295.375,1502.769,12.749
250,TIM,FLETCHER,1515.518,295.375,1502.769,12.749
251,G,GARRETT,1515.518,295.375,1502.769,12.749
252,P,GRIFFITHS,1515.518,295.375,1502.769,12.749
253,G,HUGHES,1515.518,295.375,1502.769,12.749
254,L,HURSTHOUSE,1515.518,295.375,1502.769,12.749
255,G,MCLOUGHLIN,1515.518,295.375,1502.769,12.749
256,G,PANAYI,1515.518,295.375,1502.769,12.749
257,D,PATEL,1515.518,295.375,1502.769,12.749
258,M,PRITCHARD,1515.518,295.375,1502.769,12.749
259,A,SHETTY,1515.518,295.375,1502.769,12.749
260,SONGTHAMMAKUL,SONGTHAMMAKUL,1515.518,295.375,1502.769,12.749
261,STYLES,STYLES,1515.518,295.375,1502.769,12.749
262,R,SWALLOW,1515.518,295.375,1502.769,12.749
263,M,WINTLE,1515.518,295.375,1502.769,12.749
264,W,WOODS,1515.518,295.375,1502.769,12.749
265,J,ZAZA,1515.518,295.375,1502.769,12.749
266,L,STRADWICK,1515.448,214.944,1502.317,13.131
267,T,STUBBS,1515.288,340.0,1505.906,9.382
268,S,KELLY,1514.476,337.875,1503.053,11.422
269,F,ADAIR,1514.435,337.875,1502.885,11.55
270,C,BLACKABY,1514.435,337.875,1502.885,11.55
271,M,CHANRAI,1514.435,337.875,1502.885,11.55
272,M,MOSTAFAVI,1514.435,337.875,1502.885,11.55
273,S,MOTALA-EVANS,1514.435,337.875,1502.885,11.55
274,A,CONSTANTINE,1514.247,340.0,1504.571,9.676
275,M,ASQUITH,1514.244,340.0,1504.715,9.529
276,N,SHEPARD,1514.036,340.0,1502.893,11.143
277,P,HALL,1513.642,340.0,1503.25,10.392
278,A,TANSEY,1513.403,340.0,1504.262,9.141
279,S,GORE,1513.345,340.0,1502.897,10.448
280,J,KYNASTON,1513.345,340.0,1502.897,10.448
281,J,HUTCHESON,1512.636,340.0,1502.901,9.736
282,B,BANNERMAN,1512.19,340.0,1502.903,9.287
283,T,LETHBRIDGE,1512.19,340.0,1502.903,9.287
284,J,ARTIS,1510.481,297.5,1501.572,8.909
285,D,ARWAS,1510.481,297.5,1501.572,8.909
286,H,BARMA,1510.481,297.5,1501.572,8.909
287,B,BRIGGS,1510.481,297.5,1501.572,8.909
288,M,BROOKES,1510.481,297.5,1501.572,8.909
289,H,CAMPBELL,1510.481,297.5,1501.572,8.909
290,M,CAPSTICK-DALE,1510.481,297.5,1501.572,8.909
291,S,CLARK,1510.481,297.5,1501.572,8.909
292,F,COLQUHOUN,1510.481,297.5,1501.572,8.909
293,D,COOPER,1510.481,297.5,1501.572,8.909
294,C,DAVEY,1510.481,297.5,1501.572,8.909
295,C,FAIRBANKS-SMITH,1510.481,297.5,1501.572,8.909
296,D,FRANCIS,1510.481,297.5,1501.572,8.909
297,J,GREENHOUSE,1510.481,297.5,1501.572,8.909
298,B,HARRISON,1510.481,297.5,1501.572,8.909
299,J,HEPBURN,1510.481,297.5,1501.572,8.909
300,M,HOLDSWORTH,1510.481,297.5,1501.572,8.909
301,JACK,HOPKINS,1510.481,297.5,1501.572,8.909
302,W,HOWARD,1510.481,297.5,1501.572,8.909
303,J,HUTTER,1510.481,297.5,1501.572,8.909
304,F,IMRIE,1510.481,297.5,1501.572,8.909
305,D,LIGHT,1510.481,297.5,1501.572,8.909
306,O,LIGHT,1510.481,297.5,1501.572,8.909
307,G,LINFIELD,1510.481,297.5,1501.572,8.909
308,P,LYNDON,1510.481,297.5,1501.572,8.909
309,F,MANDERSON-HARKIN,1510.481,297.5,1501.572,8.909
310,O,MEREDITH,1510.481,297.5,1501.572,8.909
311,C,MICHAELS,1510.481,297.5,1501.572,8.909
312,J,MOORE,1510.481,297.5,1501.572,8.909
313,S,MOORE,1510.481,297.5,1501.572,8.909
314,I,MORGAN,1510.481,297.5,1501.572,8.909
315,J,PARHAM,1510.481,297.5,1501.572,8.909
316,S,PATEL,1510.481,297.5,1501.572,8.909
317,A,PEEL,1510.481,297.5,1501.572,8.909
318,A,POOLE,1510.481,297.5,1501.572,8.909
319,J,POULARD,1510.481,297.5,1501.572,8.909
320,J,ROBB,1510.481,297.5,1501.572,8.909
321,A,ROWLES,1510.481,297.5,1501.572,8.909
322,M,ROWSE,1510.481,297.5,1501.572,8.909
323,O,ROWSE,1510.481,297.5,1501.572,8.909
324,M,SCURR,1510.481,297.5,1501.572,8.909
325,T,SEELY,1510.481,297.5,1501.572,8.909
326,SAAJAN,SHAH,1510.481,297.5,1501.572,8.909
327,C,SHAWCROSS,1510.481,297.5,1501.572,8.909
328,W,SKJOTT,1510.481,297.5,1501.572,8.909
329,D,STEPHENS,1510.481,297.5,1501.572,8.909
330,A,STEWART,1510.481,297.5,1501.572,8.909
331,C,STOCKS,1510.481,297.5,1501.572,8.909
332,P,THOMPSON,1510.481,297.5,1501.572,8.909
333,T,THURNHAM,1510.481,297.5,1501.572,8.909
334,J,TUGWELL,1510.481,297.5,1501.572,8.909
335,C,TYE,1510.481,297.5,1501.572,8.909
336,J,TYE,1510.481,297.5,1501.572,8.909
337,R,UNIACKE,1510.481,297.5,1501.572,8.909
338,B,WANG,1510.481,297.5,1501.572,8.909
339,T,WELT,1510.481,297.5,1501.572,8.909
340,A,WHITE,1510.481,297.5,1501.572,8.909
341,C,WHITE,1510.481,297.5,1501.572,8.909
342,A,AKANDA,1509.358,297.5,1501.404,7.955
343,A,ANOOP,1509.358,297.5,1501.404,7.955
344,B,ANWAR,1509.358,297.5,1501.404,7.955
345,V,BALLINGAL,1509.358,297.5,1501.404,7.955
346,M,BALY,1509.358,297.5,1501.404,7.955
347,M,BEARD,1509.358,297.5,1501.404,7.955
348,S,BELFIELD,1509.358,297.5,1501.404,7.955
349,M,BEVANS,1509.358,297.5,1501.404,7.955
350,BRUNSKILL,BRUNSKILL,1509.358,297.5,1501.404,7.955
351,BUNTING,BUNTING,1509.358,297.5,1501.404,7.955
352,W,CAREW,1509.358,297.5,1501.404,7.955
353,M,CHIBBER,1509.358,297.5,1501.404,7.955
354,CHOKSI,CHOKSI,1509.358,297.5,1501.404,7.955
355,B,CHRISTIE,1509.358,297.5,1501.404,7.955
356,C,CHRISTIE,1509.358,297.5,1501.404,7.955
357,A,CLARK,1509.358,297.5,1501.404,7.955
358,E,CLUTTON,1509.358,297.5,1501.404,7.955
359,CROFT,CROFT,1509.358,297.5,1501.404,7.955
360,R,DARKE,1509.358,297.5,1501.404,7.955
361,H,DEQUETTEVILLE,1509.358,297.5,1501.404,7.955
362,J,DORAN,1509.358,297.5,1501.404,7.955
363,C,DOVASTON,1509.358,297.5,1501.404,7.955
364,F,EARLAM,1509.358,297.5,1501.404,7.955
365,S,EGLUND-NEWBY,1509.358,297.5,1501.404,7.955
366,FOX,FOX,1509.358,297.5,1501.404,7.955
367,J,FRASER-ANDREWS,1509.358,297.5,1501.404,7.955
368,S,GANAPATHI,1509.358,297.5,1501.404,7.955
369,M,GORE,1509.358,297.5,1501.404,7.955
370,S,GUPTA,1509.358,297.5,1501.404,7.955
371,R,HAIDER,1509.358,297.5,1501.404,7.955
372,N,HAMMOND,1509.358,297.5,1501.404,7.955
373,H,HARDMAN,1509.358,297.5,1501.404,7.955
374,A,HEALY,1509.358,297.5,1501.404,7.955
375,HENDERSON,HENDERSON,1509.358,297.5,1501.404,7.955
376,N,HIGGINS,1509.358,297.5,1501.404,7.955
377,HINWOOD,HINWOOD,1509.358,297.5,1501.404,7.955
378,J,HINWOOD,1509.358,297.5,1501.404,7.955
379,G,HOLLIDAY,1509.358,297.5,1501.404,7.955
380,J,HOLROYD,1509.358,297.5,1501.404,7.955
381,J,HOME,1509.358,297.5,1501.404,7.955
382,J,HUGHES,1509.358,297.5,1501.404,7.955
383,B,HULME,1509.358,297.5,1501.404,7.955
384,D,HUMES,1509.358,297.5,1501.404,7.955
385,J,HUMES,1509.358,297.5,1501.404,7.955
386,T,HUSSELBEE,1509.358,297.5,1501.404,7.955
387,JEBB,JEBB,1509.358,297.5,1501.404,7.955
388,M,JOHNSON,1509.358,297.5,1501.404,7.955
389,KINWOOD,KINWOOD,1509.358,297.5,1501.404,7.955
390,KYNASTON,KYNASTON,1509.358,297.5,1501.404,7.955
391,LAMPRIEREJOHNSTON,LAMPRIERE-JOHNSTON,1509.358,297.5,1501.404,7.955
392,F,LEBON,1509.358,297.5,1501.404,7.955
393,A,LEGEAIS,1509.358,297.5,1501.404,7.955
394,LEGEAIS,LEGEAIS,1509.358,297.5,1501.404,7.955
395,M,LEWIN,1509.358,297.5,1501.404,7.955
396,A,LEWIS,1509.358,297.5,1501.404,7.955
397,M,LI,1509.358,297.5,1501.404,7.955
398,LINDSAY,LINDSAY,1509.358,297.5,1501.404,7.955
399,LOW,LOW,1509.358,297.5,1501.404,7.955
400,Y,LUO,1509.358,297.5,1501.404,7.955
401,C,LYLE,1509.358,297.5,1501.404,7.955
402,C,LYONS,1509.358,297.5,1501.404,7.955
403,M,MAINWARING,1509.358,297.5,1501.404,7.955
404,YEE,MAK,1509.358,297.5,1501.404,7.955
405,L,MALANAPHY,1509.358,297.5,1501.404,7.955
406,MATTINSON,MATTINSON,1509.358,297.5,1501.404,7.955
407,F,MCDONALD-BROWN,1509.358,297.5,1501.404,7.955
408,D,MCLOUGHLIN,1509.358,297.5,1501.404,7.955
409,C,MCMICHAEL,1509.358,297.5,1501.404,7.955
410,C,MELLOR,1509.358,297.5,1501.404,7.955
411,D,METELSKIY,1509.358,297.5,1501.404,7.955
412,A,MITCHELL,1509.358,297.5,1501.404,7.955
413,M,MORRIS,1509.358,297.5,1501.404,7.955
414,R,MUCKLOW,1509.358,297.5,1501.404,7.955
415,L,NELSON-JONES,1509.358,297.5,1501.404,7.955
416,NG,NG,1509.358,297.5,1501.404,7.955
417,P,NICHOLS,1509.358,297.5,1501.404,7.955
418,F,OGILBY,1509.358,297.5,1501.404,7.955
419,J,ONEILL,1509.358,297.5,1501.404,7.955
420,R,ORCHARD,1509.358,297.5,1501.404,7.955
421,O,PARTON,1509.358,297.5,1501.404,7.955
422,N,PATEL,1509.358,297.5,1501.404,7.955
423,A,PATTEN,1509.358,297.5,1501.404,7.955
424,N,PEARCE,1509.358,297.5,1501.404,7.955
425,PEEL,PEEL,1509.358,297.5,1501.404,7.955
426,PHILLIPS,PHILLIPS,1509.358,297.5,1501.404,7.955
427,C,PLEWS,1509.358,297.5,1501.404,7.955
428,G,POOK,1509.358,297.5,1501.404,7.955
429,PRAKASH,PRAKASH,1509.358,297.5,1501.404,7.955
430,QUIRK,QUIRK,1509.358,297.5,1501.404,7.955
431,A,RATTAN,1509.358,297.5,1501.404,7.955
432,W,REID,1509.358,297.5,1501.404,7.955
433,J,REYNOLDS,1509.358,297.5,1501.404,7.955
434,RICHARDS,RICHARDS,1509.358,297.5,1501.404,7.955
435,M,RIMINI,1509.358,297.5,1501.404,7.955
436,R,SALMON,1509.358,297.5,1501.404,7.955
437,SANSOM,SANSOM,1509.358,297.5,1501.404,7.955
438,D,SCHOFIELD,1509.358,297.5,1501.404,7.955
439,SCHOFIELD,SCHOFIELD,1509.358,297.5,1501.404,7.955
440,SHAH,SHAH,1509.358,297.5,1501.404,7.955
441,S,SHETTY,1509.358,297.5,1501.404,7.955
442,V,SHETTY,1509.358,297.5,1501.404,7.955
443,I,SIMMONS,1509.358,297.5,1501.404,7.955
444,S,SPIBY,1509.358,297.5,1501.404,7.955
445,STAPLETON,STAPLETON,1509.358,297.5,1501.404,7.955
446,W,TATE,1509.358,297.5,1501.404,7.955
447,H,THISTLETHWAYTE,1509.358,297.5,1501.404,7.955
448,M,TOMBLIN,1509.358,297.5,1501.404,7.955
449,F,TOMLINSON,1509.358,297.5,1501.404,7.955
450,J,TSE,1509.358,297.5,1501.404,7.955
451,M,TSIOUPINI,1509.358,297.5,1501.404,7.955
452,I,UJOODIA,1509.358,297.5,1501.404,7.955
453,S,UJOODIA,1509.358,297.5,1501.404,7.955
454,WARBURG,WARBURG,1509.358,297.5,1501.404,7.955
455,B,WARE,1509.358,297.5,1501.404,7.955
456,S,WARREN-THOMAS,1509.358,297.5,1501.404,7.955
457,F,WATT,1509.358,297.5,1501.404,7.955
458,J,WELLER,1509.358,297.5,1501.404,7.955
459,T,WHITEHEAD,1509.358,297.5,1501.404,7.955
460,S,WILLIAMS,1509.358,297.5,1501.404,7.955
461,H,WINTOUR,1509.358,297.5,1501.404,7.955
