RANK3,Elo,EloSigma,EloSkill,EloForm,Initial,Surname,POSS,RPA,PC,PC2,Played,MissedLast,13 N,13 K,13 L,14 N,14 K,14 L,15 N,15 K,15 L,16 N,16 K,16 L,17 N,17 K,17 L,18 N,18 K,18 L,19 N,19 K,19 L,20 N,20 K,21 K,21 L,22 N,22 K,22 L,23 N,23 K,23 L,24 N,24 K,24 L,25 N,25 K,25 L,26 N
1,1684.335,120.0,1583.221,101.114,R,HOULDEN,129.0,121.875,94.47674418604652,94.47674418604652,19,0,,NQ,,,NQ,NQ,,QF,QF,QF,,SF,SF,SF,QF,F,F,F,F,F,W,F,SF,F,W,W,F,W,W,F,W,W,W,W,F,W,W,F
2,1650.724,120.0,1553.742,96.982,H,YOUNG,122.65,112.32,91.57766000815327,91.57766000815327,19,0,,,,,,,,,,,,,,,,,,NQ,NQ,L16,QF,SF,QF,SF,SF,F,SF,W,W,F,W,W,W,W,F,W,W,F
3,1671.225,120.0,1605.641,65.584,S,COOLEY,102.5,90.535,88.32682926829268,88.32682926829268,16,0,W,W,W,W,W,W,W,W,W,W,W,W,SF,W,W,W,W,W,W,W,F,W,W,W,QF,QF,W,F,SF,W,P,F,F,P,W,F,P,W
4,1683.902,120.0,1605.79,78.111,T,DUNBAR,115.15,101.335,88.00260529743812,88.00260529743812,17,0,W,W,W,W,W,W,W,W,W,W,W,W,,W,W,W,W,W,W,W,F,W,W,W,QF,P,W,F,SF,W,P,F,F,F,W,F,SF,W
5,1633.902,120.0,1580.906,52.996,J,TOOP,87.4,62.235,71.2070938215103,71.2070938215103,16,0,SF,SF,,F,F,F,F,F,F,F,F,F,W,F,F,SF,SF,SF,P,P,SF,QF,F,SF,F,SF,SF,SF,F,QF,SF,SF,SF,P,SF,SF,P,QF
6,1595.49,120.0,1540.938,54.552,N,CAPLIN,80.69999999999999,54.449999999999996,67.4721189591078,67.4721189591078,17,0,,NQ,,,,NQ,,,,,,,,,,,,NQ,P,L16,QF,SF,QF,SF,SF,F,SF,QF,SF,SF,QF,QF,SF,SF,SF,P,P,SF
7,1610.936,120.0,1549.716,61.22,S,TAILOR,69.25,45.72,66.0216606498195,66.0216606498195,12,0,,QF,,,NQ,QF,,QF,NQ,,QF,QF,,QF,NQ,,QF,QF,P,SF,P,P,QF,QF,SF,P,P,QF,P,P,SF,SF,QF,P,QF,SF,F,SF
8,1576.205,120.0,1544.372,31.833,M,WISEMAN,43.900000000000006,28.895,65.82004555808655,65.82004555808655,5,2,,,SF,F,F,F,F,F,,,F,F,,F,F,,,,,,,,F,SF,P,P,P,P,P,QF,P,P,SF,P,P,SF,P,P
9,1613.399,120.0,1560.561,52.839,E,TAYLOR,74.1,47.88,64.61538461538461,64.61538461538461,16,0,SF,,SF,,SF,SF,,SF,,QF,SF,,QF,SF,,,QF,QF,SF,SF,SF,QF,QF,QF,P,P,QF,NQ,SF,SF,QF,QF,SF,SF,SF,QF,P,QF
10,1595.647,120.0,1530.812,64.836,C,PLUMMER,67.1,43.14,64.29210134128166,64.29210134128166,12,0,,,,,,,,,,,,NQ,,L16,,,NQ,NQ,P,L16,P,P,L16,P,P,P,L16,P,P,L16,SF,SF,QF,QF,QF,SF,F,SF
11,1595.388,120.0,1559.487,35.901,H,WISEMAN,50.599999999999994,29.18,57.667984189723335,57.667984189723335,14,0,SF,SF,,QF,SF,SF,QF,SF,QF,QF,L16,,W,L16,,SF,SF,P,QF,QF,P,QF,L16,L16,F,SF,QF,P,F,QF,P,SF,L16,P,NQ,L16,P,QF
12,1596.243,120.0,1553.695,42.548,R,PERRIE,43.6,23.9,54.81651376146789,54.81651376146789,10,1,QF,QF,SF,SF,QF,QF,SF,QF,SF,SF,SF,SF,F,L16,NQ,,,SF,P,QF,QF,P,SF,L16,QF,P,P,P,P,QF,P,P,L16,SF,P,QF,QF,P
13,1588.77,120.0,1542.8,45.97,V,BHIMJIYANI,48.949999999999996,26.740000000000002,54.62717058222677,54.62717058222677,10,1,,L16,NQ,,L16,QF,,QF,,,QF,QF,,QF,NQ,,QF,P,P,P,SF,P,P,P,SF,P,QF,QF,P,L16,QF,P,QF,QF,P,QF,QF,P
14,1585.099,120.0,1534.752,50.347,S,WELTI,48.15,25.830000000000002,53.644859813084125,53.644859813084125,10,2,NQ,L16,,NQ,L16,,,,NQ,,NQ,,QF,,,,,NQ,SF,P,P,QF,P,P,P,QF,P,QF,QF,QF,QF,QF,QF,P,QF,QF,P,P
15,1576.627,120.0,1535.589,41.038,C,HUGHES,40.7,21.439999999999998,52.67813267813267,52.67813267813267,9,2,,,,NQ,NQ,,SF,L16,QF,NQ,L16,NQ,QF,,QF,,L16,NQ,QF,QF,NQ,P,P,P,P,QF,P,QF,QF,QF,P,QF,QF,P,P,QF,P,P
16,1584.5,144.5,1530.409,54.09,A,ABRAHAMS,52.849999999999994,26.560000000000002,50.2554399243141,50.2554399243141,16,0,,,,,,,,,,,,,,NQ,NQ,,NQ,NQ,NQ,P,NQ,NQ,L16,L16,P,NQ,P,QF,QF,L16,NQ,QF,QF,QF,QF,QF,QF,NQ
17,1554.614,120.0,1513.9,40.714,J,PEMBERTON,35.25,17.32,49.13475177304964,49.13475177304964,6,1,,,,,,,,,,,,,,,,,,,,,,,,L16,P,P,P,P,P,L16,QF,P,P,SF,P,QF,QF,P
18,1584.205,120.0,1551.016,33.189,L,BROCK,34.85,16.07,46.111908177905306,46.111908177905306,9,0,QF,QF,QF,SF,L16,QF,QF,L16,SF,SF,QF,SF,SF,SF,QF,,QF,QF,QF,P,P,QF,L16,QF,QF,SF,P,P,P,P,NQ,P,P,P,QF,L16,P,SF
19,1571.038,120.0,1524.495,46.543,G,WISEMAN,42.49999999999999,19.4,45.64705882352942,45.64705882352942,15,0,,,,,,,,,,,,,,,,QF,,,,NQ,P,NQ,NQ,L16,P,NQ,L16,NQ,NQ,L16,QF,QF,L16,P,P,L16,SF,QF
20,1558.478,120.0,1522.665,35.813,T,MCCAHON,33.8,14.87,43.994082840236686,43.994082840236686,11,1,,,,,,,,,,,,,,,,,NQ,NQ,NQ,L16,NQ,NQ,L16,QF,QF,SF,L16,P,P,P,P,P,P,P,QF,L16,QF,P
21,1556.632,120.0,1519.691,36.94,P,SATHIYAMOORTHY,34.5,15.079999999999998,43.71014492753623,43.71014492753623,10,0,,,,,,,,,,,,,,,,NQ,,NQ,NQ,NQ,NQ,NQ,P,P,NQ,P,QF,P,P,P,P,QF,L16,NQ,P,P,SF,QF
22,1529.884,174.502,1505.272,24.612,D,INGRAM,12.7,5.2,40.944881889763785,40.944881889763785,3,0,,,,,,,,,,,,,,,,,,,,,,,,,,,,,,,,,,,NQ,P,SF,NQ
23,1540.457,173.045,1509.155,31.301,L,LLOYD-JONES,14.799999999999999,5.6,37.83783783783784,37.83783783783784,3,2,,,,,,,NQ,,,NQ,,,,,,,,,,,,,,,,,,,,,,NQ,P,P,NQ,QF,P,P
24,1536.289,150.815,1507.906,28.383,A,AGARWAL,18.700000000000003,6.42,34.331550802139034,34.331550802139034,4,0,,,,,,,,,,,,,,,,,,,,,,,,,,,,,NQ,P,P,P,P,P,SF,L16,P,NQ
25,1561.252,120.0,1518.093,43.159,B,MERRETT,28.45,9.7,34.09490333919156,34.09490333919156,9,2,,,,,,,,,,,NQ,,,,,,,,,,NQ,P,L16,NQ,P,P,P,P,NQ,P,NQ,QF,P,QF,QF,L16,P,P
26,1554.031,120.0,1522.962,31.069,AR,BHATTACHARYA,24.200000000000003,7.5,30.99173553719008,30.99173553719008,9,1,,,NQ,,NQ,,,,,,,,,,,NQ,NQ,P,P,L16,QF,P,P,L16,P,P,L16,P,P,L16,P,P,L16,P,NQ,L16,NQ,P
27,1536.887,229.5,1517.251,19.636,SAHIL,SHAH,24.6,7.59,30.853658536585364,30.853658536585364,8,0,,,,,,,,,,,,,,,NQ,,NQ,NQ,P,P,P,P,P,QF,QF,P,L16,NQ,QF,L16,NQ,P,P,P,P,P,P,NQ
28,1551.739,120.0,1513.949,37.79,F,PRICKETT,25.700000000000003,7.9,30.73929961089494,30.73929961089494,8,1,,,,,,,,,,,,,,,,,,,,,NQ,P,P,P,QF,P,P,NQ,P,P,NQ,P,L16,NQ,P,L16,QF,P
29,1535.46,184.766,1514.924,20.536,H,BLOFIELD,22.299999999999997,6.75,30.26905829596413,30.26905829596413,4,0,NQ,,,QF,,,,,,,,,,,,,,,,,NQ,P,P,P,P,P,P,P,QF,P,QF,P,P,P,P,P,P,QF
30,1532.577,165.814,1512.111,20.466,H,GIBSON-LEITAO,21.7,6.5,29.95391705069125,29.95391705069125,4,1,,,,,,,,,,,,,,,NQ,,,NQ,P,P,P,P,P,P,QF,QF,L16,P,P,P,P,P,P,P,P,P,QF,P
31,1553.74,182.1,1530.052,23.688,R,WORTH,21.0,6.07,28.904761904761905,28.904761904761905,3,0,,NQ,,QF,,,,,,QF,,,QF,QF,QF,SF,QF,QF,SF,P,P,SF,P,P,P,P,P,P,P,P,P,P,P,QF,P,P,P,QF
32,1550.16,182.1,1526.131,24.028,T,COX,21.0,6.07,28.904761904761905,28.904761904761905,3,0,,,,,,,,,,QF,L16,,QF,QF,QF,SF,QF,QF,SF,P,P,SF,P,P,P,P,P,P,P,P,P,P,P,QF,P,P,P,QF
33,1546.029,135.107,1519.832,26.197,J,PRIOR,19.65,5.3,26.97201017811705,26.97201017811705,6,2,,,,,,NQ,,,,,NQ,,,NQ,,QF,NQ,P,P,P,P,NQ,P,L16,P,P,L16,NQ,P,L16,P,P,P,P,P,L16,P,P
34,1545.149,155.731,1511.245,33.904,J,ALSTER,14.049999999999999,3.7,26.33451957295374,26.33451957295374,4,2,,NQ,,,,,,,,,,,,,,,,,,,,,,,,,,,,,NQ,P,L16,NQ,P,L16,P,P
35,1538.594,150.86,1509.5,29.094,I,WEAVER,19.15,5.0,26.109660574412537,26.109660574412537,3,1,,,,,,,,,,,,,,,,NQ,,,NQ,P,P,NQ,P,P,P,P,P,P,P,P,P,P,P,P,P,L16,QF,P
36,1542.265,127.801,1508.852,33.413,A,VINEN,15.45,3.7,23.94822006472492,23.94822006472492,5,2,,,,,,,,,,,,,,,,,,,,,,,,,,,,,,NQ,NQ,P,L16,NQ,P,L16,P,P
37,1559.221,120.0,1526.921,32.299,AB,BHATTACHARYA,22.95,5.0,21.78649237472767,21.78649237472767,11,1,NQ,,NQ,NQ,NQ,,,L16,,,,,,,,NQ,NQ,NQ,P,L16,QF,P,P,L16,P,NQ,P,NQ,P,P,NQ,P,L16,NQ,NQ,L16,NQ,P
38,1556.05,144.5,1524.132,31.918,E,SCOONES,23.4,3.7,15.811965811965814,15.811965811965814,16,0,,,,,,,,,,,,NQ,,,NQ,NQ,NQ,NQ,NQ,NQ,NQ,NQ,NQ,NQ,NQ,NQ,NQ,NQ,NQ,NQ,P,P,L16,NQ,NQ,L16,P,NQ
39,1527.279,223.897,1505.841,21.438,A,FIELD,11.9,1.7,14.285714285714285,14.285714285714285,3,2,,,,,,,,,,,,,,,,,,,,,,,,,,,,,,NQ,P,P,L16,P,P,NQ,P,P
40,1534.222,195.745,1507.734,26.488,T,ARJARIA,14.3,2.0,13.986013986013985,13.986013986013985,5,0,,,,,,,,,,,,,,,,,,,,,,,,,,,,,NQ,P,P,NQ,P,P,NQ,L16,P,NQ
41,1522.868,298.607,1507.24,15.628,E,HABERSHON,14.25,1.1,7.719298245614035,7.719298245614035,3,2,,,,,,,,,,,,,,,,,,NQ,P,P,P,P,P,P,P,P,L16,P,NQ,P,P,P,P,P,P,NQ,P,P
42,1537.035,288.438,1518.694,18.341,A,MORRIS,15.3,0.8,5.228758169934641,5.228758169934641,6,0,NQ,NQ,,NQ,NQ,,,NQ,,,,,,,,,,,NQ,P,P,NQ,P,L16,P,NQ,P,P,P,P,P,NQ,P,P,NQ,P,P,NQ
43,1549.38,167.366,1527.135,22.245,C,COOLEY,17.55,0.5,2.849002849002849,2.849002849002849,12,2,,,NQ,,NQ,NQ,,NQ,NQ,,NQ,NQ,,NQ,,NQ,NQ,NQ,NQ,NQ,P,NQ,L16,NQ,NQ,NQ,NQ,NQ,P,NQ,NQ,P,NQ,P,P,NQ,P,P
44,1555.497,148.636,1530.286,25.211,K,HIRD,18.5,0.5,2.7027027027027026,2.7027027027027026,14,2,,,NQ,,NQ,NQ,NQ,NQ,NQ,,NQ,NQ,,NQ,NQ,NQ,NQ,NQ,NQ,NQ,NQ,NQ,L16,NQ,NQ,NQ,NQ,NQ,P,NQ,NQ,P,NQ,NQ,P,NQ,P,P
45,1631.602,120.0,1561.451,70.151,J,HO,68.95,53.115,77.03408266860043,0.07703408266860043,13,4,,,,,L16,QF,,QF,,,QF,QF,,SF,SF,F,F,F,F,F,W,F,SF,F,W,W,F,SF,P,SF,F,P,QF,F,P,P,P,P
46,1556.716,120.0,1513.126,43.589,J,HOPKINS,32.55,19.939999999999998,61.25960061443932,0.06125960061443932,4,5,,,,,,,,NQ,,,,,,,,,,,,,,,,,,,,SF,P,SF,F,P,QF,P,P,P,P,P
47,1570.601,120.0,1529.062,41.539,T,BARKER,32.9,17.28,52.52279635258359,0.05252279635258359,7,7,,,,,,NQ,,QF,QF,,L16,,,,,,NQ,SF,P,QF,SF,P,L16,P,P,P,SF,SF,P,QF,SF,P,P,P,P,P,P,P
48,1570.851,120.0,1534.241,36.61,R,TYLER,30.450000000000003,12.120000000000001,39.80295566502463,0.039802955665024634,9,4,,SF,,,QF,,QF,,QF,NQ,L16,QF,,L16,NQ,,L16,P,P,P,P,P,P,QF,NQ,QF,QF,NQ,QF,L16,NQ,P,P,QF,P,P,P,P
49,1577.097,127.631,1545.97,31.127,A,THEODOSSI,20.3,7.18,35.36945812807882,0.03536945812807882,5,8,QF,QF,SF,SF,QF,QF,SF,QF,SF,SF,SF,SF,F,L16,QF,,,SF,QF,QF,QF,P,SF,NQ,P,P,P,P,P,QF,P,P,P,P,P,P,P,P
50,1546.164,210.732,1522.76,23.404,T,GALLAGHER,16.15,5.08,31.45510835913313,0.03145510835913313,2,2,,,,,NQ,NQ,NQ,NQ,F,F,L16,QF,NQ,L16,,,,,,,,,,,,,QF,P,P,P,P,P,P,P,P,L16,P,P
51,1554.407,120.0,1514.525,39.882,W,SISSONS,22.35,7.0,31.319910514541384,0.03131991051454138,6,8,,,,,,,,,,,,,,,,NQ,,,NQ,P,P,QF,P,L16,P,QF,P,QF,QF,L16,P,P,P,P,P,P,P,P
52,1560.15,120.0,1519.478,40.671,C,KOKSAL,22.95,6.83,29.760348583878,0.029760348583878,10,7,,,,,,,,,,,,,,,,,L16,NQ,NQ,L16,NQ,P,L16,NQ,NQ,P,QF,NQ,QF,L16,NQ,P,P,P,P,P,P,P
53,1563.287,120.0,1530.04,33.247,J,MARKS,20.35,5.299999999999999,26.044226044226036,0.026044226044226036,8,7,,,,,,QF,,QF,,,QF,QF,,L16,QF,,L16,QF,P,L16,QF,P,L16,L16,NQ,P,P,NQ,P,L16,QF,P,P,P,P,P,P,P
54,1536.739,181.566,1507.828,28.911,B,HART,12.3,3.0999999999999996,25.203252032520325,0.025203252032520326,2,5,NQ,,,,,,,,,,,,,,,,,,,,,,,,,,,,,L16,P,P,L16,P,P,P,P,P
55,1544.185,123.353,1510.429,33.756,T,COTTERELL,17.55,4.15,23.646723646723647,0.02364672364672365,3,8,,,,NQ,,,,,,,,,,,,,,,NQ,P,P,P,P,P,P,P,L16,QF,P,L16,P,P,P,P,P,P,P,P
56,1533.925,156.73,1508.417,25.508,O,DENBY,18.0,3.75,20.833333333333336,0.020833333333333336,5,4,,,,,,,,,,,,,,,,,,,,,,,,,QF,NQ,P,NQ,P,P,NQ,P,P,QF,P,P,P,P
57,1537.855,189.643,1512.291,25.565,D,ROBSON,14.05,2.8,19.928825622775797,0.019928825622775797,3,5,,NQ,,QF,NQ,,,,,,,,,,,,,,,,,,,,,,L16,NQ,P,P,P,P,L16,P,P,P,P,P
58,1540.152,162.515,1508.693,31.46,I,JOCHIM,15.5,3.08,19.870967741935484,0.019870967741935485,4,11,,,,,,,,,,,,,,,,,,,NQ,P,NQ,NQ,P,P,NQ,P,QF,P,P,P,P,P,P,P,P,P,P,P
59,1532.45,208.803,1507.141,25.309,I,SALIM,13.3,2.2399999999999998,16.84210526315789,0.01684210526315789,1,14,,,,,,,,,NQ,,NQ,,,,,,,,,,,,,QF,P,P,P,P,P,P,P,P,P,P,P,P,P,P
60,1538.028,245.65,1519.882,18.146,T,WELTI,15.3,2.55,16.666666666666664,0.016666666666666663,1,3,NQ,,,NQ,,,SF,,QF,NQ,L16,NQ,QF,,,,L16,NQ,P,P,P,P,P,P,P,P,P,P,P,P,P,P,P,P,QF,P,P,P
61,1537.962,177.482,1508.286,29.676,M,DESOUZAGIRAO,14.25,2.2399999999999998,15.719298245614032,0.015719298245614032,3,13,,NQ,,,,,,,,,,,,,,,,,,,NQ,P,P,QF,NQ,P,P,P,P,P,P,P,P,P,P,P,P,P
62,1552.192,120.0,1517.395,34.797,G,THOMASON,13.5,1.96,14.518518518518519,0.01451851851851852,2,15,QF,L16,,,QF,,,,,,,,NQ,,,,,,,QF,P,P,QF,P,P,P,P,P,P,P,P,P,P,P,P,P,P,P
63,1543.322,181.566,1514.458,28.864,T,BETTS,13.9,1.9000000000000001,13.66906474820144,0.01366906474820144,2,11,,,,,,,,L16,,,NQ,NQ,,,,,NQ,P,P,P,P,P,P,L16,P,P,L16,P,P,P,P,P,P,P,P,P,P,P
64,1531.914,245.65,1511.607,20.307,J,BLACK,13.9,1.9,13.669064748201437,0.013669064748201438,2,5,,,,,NQ,,,,,,,,,,,,,NQ,P,L16,P,P,P,P,P,P,P,P,P,P,P,P,L16,P,P,P,P,P
65,1533.056,212.103,1505.907,27.149,B,SWALLOW,12.55,1.7,13.545816733067728,0.013545816733067729,3,5,,,,,,,,,,,,,,,,,,,,,,,,,,,,NQ,P,P,NQ,P,L16,P,P,P,P,P
66,1545.113,157.357,1521.466,23.647,S,SIMMONS,14.299999999999999,1.9,13.286713286713287,0.013286713286713287,3,8,NQ,L16,,NQ,,NQ,QF,L16,,,NQ,,NQ,,,,L16,P,P,P,P,P,L16,P,P,NQ,P,P,P,L16,P,P,P,P,P,P,P,P
67,1539.637,132.512,1516.537,23.1,A,RENNIE,14.649999999999999,1.9000000000000001,12.969283276450513,0.012969283276450513,4,10,,,NQ,NQ,NQ,NQ,,NQ,,,,,,,NQ,,,NQ,P,L16,P,P,L16,P,P,QF,P,NQ,P,P,P,P,P,P,P,P,P,P
68,1526.399,182.702,1503.96,22.439,A,BACKHOUSE,12.5,1.4,11.2,0.0112,1,15,,,,,,,,,,,,,,,,,,,,,,,QF,P,P,P,P,P,P,P,P,P,P,P,P,P,P,P
69,1533.374,173.673,1507.531,25.843,R,WIJERATNE,12.5,1.4,11.2,0.0112,1,15,,,,,,,,,,,,,,QF,,,,,,,,,QF,P,P,P,P,P,P,P,P,P,P,P,P,P,P,P
70,1539.938,176.96,1509.417,30.521,A,CAMERON-BLACKIE,15.5,1.7,10.967741935483872,0.010967741935483872,5,5,,,,,,,,,,,,,,,,,,,,,,,NQ,P,P,P,P,P,NQ,P,NQ,NQ,L16,P,P,P,P,P
71,1545.053,237.666,1524.623,20.43,D,MEW,13.25,1.4,10.566037735849056,0.010566037735849056,2,8,,SF,,,QF,,,,QF,NQ,L16,QF,,L16,,,,,,NQ,P,P,P,P,P,P,P,P,P,L16,P,P,P,P,P,P,P,P
72,1541.282,194.48,1515.438,25.845,J,RAVI,13.0,1.3,10.0,0.01,2,11,,NQ,,,,,,NQ,,,NQ,,,,NQ,,NQ,NQ,NQ,L16,P,P,P,P,P,P,L16,P,P,P,P,P,P,P,P,P,P,P
73,1527.818,245.65,1507.632,20.186,C,NICHOLLS,12.100000000000001,1.2000000000000002,9.917355371900827,0.009917355371900827,1,13,,,,,,,,,NQ,,,,,L16,,,,,,,,,,,QF,P,P,P,P,P,P,P,P,P,P,P,P,P
74,1526.16,182.702,1504.323,21.837,G,NSENGA,11.5,1.1,9.565217391304348,0.009565217391304347,2,10,,,,,,,,,,,,,,,,,,,,,,,,,,,L16,NQ,P,P,P,P,P,P,P,P,P,P
75,1523.64,225.202,1504.58,19.059,A,DESHMUKH,11.65,1.1,9.44206008583691,0.009442060085836911,2,8,,,,,,,,,,,,,,,,,,,,,,,,,,,L16,P,P,NQ,P,P,P,P,P,P,P,P
76,1546.027,145.548,1520.084,25.943,A,TAYLOR,15.4,1.4,9.09090909090909,0.00909090909090909,6,7,,,NQ,,,,,NQ,,,,,,L16,,,L16,NQ,NQ,P,P,NQ,QF,P,P,P,P,NQ,NQ,NQ,NQ,P,P,P,P,P,P,P
77,1522.953,340.0,1513.334,9.619,GRANT,WILLIAMS,13.75,1.2000000000000002,8.727272727272728,0.008727272727272728,2,6,,,,,L16,,,L16,,,L16,,,,,,,,NQ,P,P,P,P,P,P,QF,P,P,P,P,P,NQ,P,P,P,P,P,P
78,1525.736,245.65,1504.706,21.03,J,BARLEY,12.7,1.1,8.661417322834646,0.008661417322834646,2,11,,,,,,,,,,,,,,,,,,,,,NQ,P,P,P,P,P,L16,P,P,P,P,P,P,P,P,P,P,P
79,1525.736,245.65,1504.706,21.03,P,ASHWORTH,12.7,1.1,8.661417322834646,0.008661417322834646,2,11,,,,,,,,,,,,,,,,,,,,,NQ,P,P,P,P,P,L16,P,P,P,P,P,P,P,P,P,P,P
80,1526.745,293.802,1513.269,13.475,N,SHAW,13.9,1.2000000000000002,8.633093525179856,0.008633093525179856,2,4,,,,,,,,,,,,,,,NQ,,L16,P,P,P,P,P,P,P,P,QF,P,P,P,P,P,P,P,NQ,P,P,P,P
81,1534.147,180.431,1508.043,26.104,O,HALLAM,13.05,1.1,8.42911877394636,0.00842911877394636,3,13,,,,,,,,,,,,NQ,,,,,,,,,QF,P,P,L16,NQ,P,P,P,P,P,P,P,P,P,P,P,P,P
82,1524.138,331.5,1509.851,14.287,M,HUGHES,14.3,1.2000000000000002,8.391608391608392,0.008391608391608392,3,6,,,,,L16,,,,,,,,,,,,,,NQ,P,P,P,P,P,P,QF,P,P,NQ,P,P,NQ,P,P,P,P,P,P
83,1582.037,120.0,1534.584,47.453,G,CAMPBELL,12.15,0.96,7.901234567901234,0.007901234567901235,1,18,F,F,F,,SF,,,,,,,,,QF,SF,,SF,P,P,SF,P,P,P,P,P,P,P,P,P,P,P,P,P,P,P,P,P,P
84,1579.625,120.0,1530.342,49.283,P,DUNBAR,12.15,0.96,7.901234567901234,0.007901234567901235,1,18,F,F,F,,SF,,,,,,QF,,,QF,SF,,SF,P,P,SF,P,P,P,P,P,P,P,P,P,P,P,P,P,P,P,P,P,P
85,1536.169,207.778,1513.287,22.881,N,TURNBULL,13.8,1.0,7.246376811594203,0.007246376811594203,4,8,,,,,,,,,NQ,,,NQ,NQ,,,,,,NQ,L16,P,P,P,L16,P,P,P,P,NQ,NQ,P,P,P,P,P,P,P,P
86,1553.549,120.0,1513.411,40.137,T,WALTERS,12.35,0.86,6.963562753036437,0.006963562753036437,3,16,,,,,,,,,,,,,QF,,,,,,QF,QF,NQ,QF,P,P,P,P,P,P,P,P,P,P,P,P,P,P,P,P
87,1526.402,213.408,1504.509,21.892,R,MACDONALD-O'BRIEN,12.15,0.8,6.584362139917696,0.006584362139917695,2,14,,,,,,,,,,,,,,,,,,,,,,NQ,P,L16,P,P,P,P,P,P,P,P,P,P,P,P,P,P
88,1520.065,308.897,1505.885,14.18,D,TAYLOR-WEST,12.850000000000001,0.8,6.225680933852139,0.00622568093385214,3,6,,,,,,,,,,,,,,,,,,,,,,NQ,P,L16,P,P,P,P,P,P,P,NQ,P,P,P,P,P,P
89,1541.605,120.0,1510.733,30.872,M,KOVAR,12.100000000000001,0.7,5.785123966942147,0.0057851239669421475,2,15,,,,,,,,,,,,,,L16,,,L16,QF,P,L16,P,P,L16,P,P,P,P,P,P,P,P,P,P,P,P,P,P,P
90,1542.188,120.0,1509.573,32.615,J,PIGGOT,11.75,0.5599999999999999,4.76595744680851,0.004765957446808511,1,18,,,,,,,,,,,QF,,,,,,L16,P,P,QF,P,P,P,P,P,P,P,P,P,P,P,P,P,P,P,P,P,P
91,1557.16,120.0,1524.532,32.627,A,JOYCE,11.8,0.5,4.23728813559322,0.0042372881355932195,1,15,,,QF,,QF,SF,,SF,NQ,QF,L16,,,L16,SF,,QF,QF,QF,P,P,P,L16,P,P,P,P,P,P,P,P,P,P,P,P,P,P,P
92,1538.408,142.622,1516.053,22.356,C,AUSTIN,11.8,0.5,4.23728813559322,0.0042372881355932195,1,15,NQ,L16,,NQ,,NQ,,L16,,,NQ,,NQ,,,,L16,P,P,P,P,P,L16,P,P,P,P,P,P,P,P,P,P,P,P,P,P,P
93,1524.785,272.0,1512.08,12.705,S,MCLOUGHLIN,12.55,0.5,3.9840637450199203,0.00398406374501992,3,6,,,,,,,,,,,,,NQ,,NQ,QF,,,QF,L16,P,QF,P,P,P,P,P,P,P,P,P,NQ,P,P,P,P,P,P
94,1535.863,239.509,1510.072,25.791,S,KUNDU,11.350000000000001,0.2,1.7621145374449338,0.0017621145374449338,1,18,NQ,L16,,,,,,,,,,,,,,,,NQ,P,L16,P,P,P,P,P,P,P,P,P,P,P,P,P,P,P,P,P,P
95,1520.854,214.944,1503.128,17.726,W,PONSONBY,11.350000000000001,0.2,1.7621145374449338,0.0017621145374449338,1,18,,,,,,,,,,,,,,,,,,,,L16,P,P,P,P,P,P,P,P,P,P,P,P,P,P,P,P,P,P
96,1538.27,190.951,1512.161,26.108,N,CHOUSTIKOV,16.7,0.0,0.0,0.0,10,2,,,,,,,,,,,,,,,,,,,,,,,NQ,NQ,NQ,P,NQ,NQ,NQ,NQ,NQ,P,P,P,NQ,NQ,P,P
97,1532.137,287.795,1511.335,20.802,W,THOMAS,15.65,0.0,0.0,0.0,7,0,,,,,,,,,,,,,,,,,NQ,P,P,P,P,P,NQ,P,P,P,NQ,P,NQ,NQ,NQ,P,P,P,NQ,P,P,NQ
98,1530.201,291.136,1510.013,20.188,O,AVERY,14.9,0.0,0.0,0.0,7,2,,,,,,,,,,,,,,,,,,,,NQ,P,P,NQ,P,P,P,NQ,NQ,P,NQ,NQ,P,P,P,P,NQ,P,P
99,1542.567,185.712,1517.035,25.532,S,BURNELL,14.8,0.0,0.0,0.0,9,6,,,,,,,,,,,,NQ,NQ,NQ,NQ,,NQ,P,NQ,NQ,P,NQ,NQ,NQ,NQ,P,P,NQ,NQ,NQ,P,NQ,P,P,P,P,P,P
100,1545.225,181.438,1520.133,25.092,T,GREGORY,14.8,0.0,0.0,0.0,9,6,,,,,,NQ,,NQ,NQ,,,NQ,NQ,NQ,NQ,,NQ,P,NQ,NQ,P,NQ,NQ,NQ,NQ,P,P,NQ,NQ,NQ,P,NQ,P,P,P,P,P,P
101,1526.075,320.721,1510.807,15.268,M,CHINERY,14.7,0.0,0.0,0.0,8,0,,,,,,,,,,,,,,,,,,,,NQ,NQ,P,NQ,NQ,P,P,NQ,P,NQ,NQ,P,P,P,P,P,P,P,NQ
102,1530.501,313.497,1513.586,16.916,A,LUMBARD,14.05,0.0,0.0,0.0,6,0,,,,,,,,,,,,,,,NQ,NQ,NQ,NQ,NQ,P,NQ,NQ,NQ,P,P,P,P,P,P,NQ,P,P,P,P,NQ,P,P,NQ
103,1531.965,331.5,1513.827,18.137,A,KNIGHT,14.0,0.0,0.0,0.0,4,0,,,,,,,,L16,,,,,,,,,NQ,P,P,P,P,P,NQ,P,P,P,P,P,P,NQ,P,P,P,P,P,NQ,P,NQ
104,1523.102,340.0,1507.492,15.61,V,GUDIWALA,13.399999999999999,0.0,0.0,0.0,5,2,,,,,,,,,,,,,,,,,,,,,NQ,P,NQ,P,NQ,P,P,P,P,NQ,P,P,P,P,P,NQ,P,P
105,1530.225,285.31,1507.434,22.791,W,SEATH,13.2,0.0,0.0,0.0,5,8,,,,,,,,,,,,,,,,,,,,NQ,P,P,NQ,P,P,P,NQ,NQ,P,NQ,P,P,P,P,P,P,P,P
106,1532.121,266.491,1509.165,22.957,M,TAVRA,13.0,0.0,0.0,0.0,6,9,,,,,,,,,,,,,,,,,,NQ,P,NQ,NQ,P,NQ,P,NQ,P,P,NQ,NQ,P,P,P,P,P,P,P,P,P
107,1525.363,292.033,1506.058,19.305,S,THATCHER,13.0,0.0,0.0,0.0,4,5,,,,,,,,,,,,,,,,,,,,,,,,NQ,P,P,NQ,P,P,NQ,P,P,NQ,P,P,P,P,P
108,1524.992,296.147,1506.944,18.048,P,HOLLAND,12.95,0.0,0.0,0.0,5,0,,,,,,,,,,,,,,,,,,,,,,,,,,,NQ,P,NQ,NQ,P,P,P,P,NQ,P,P,NQ
109,1529.7,252.251,1510.124,19.576,C,LUMBARD,12.850000000000001,0.0,0.0,0.0,6,8,,,,,,,,,,,,,,,,,,NQ,NQ,NQ,NQ,NQ,NQ,P,P,P,NQ,P,P,NQ,P,P,P,P,P,P,P,P
110,1518.192,340.0,1504.552,13.64,T,CAMPBELL,12.75,0.0,0.0,0.0,2,2,,,,,,,,,,,,,,,,,,NQ,P,P,P,P,P,P,P,P,P,P,P,P,NQ,P,P,P,P,NQ,P,P
111,1527.956,260.022,1506.722,21.234,E,CALDWELL,12.3,0.0,0.0,0.0,5,0,,,,,,,,,,,,,,,,,,,,,,,,,,,,,NQ,P,P,NQ,NQ,P,P,NQ,P,NQ
112,1533.192,287.427,1512.487,20.705,D,REDMOND,12.15,0.0,0.0,0.0,4,11,,NQ,,,,NQ,,,,,,,,,,NQ,,,,,,NQ,NQ,NQ,P,P,NQ,P,P,P,P,P,P,P,P,P,P,P
113,1525.324,285.658,1505.679,19.645,E,EVANS,12.1,0.0,0.0,0.0,3,11,,,,,,,,,,,,,,,,,,,NQ,P,P,NQ,P,P,P,NQ,NQ,P,P,P,P,P,P,P,P,P,P,P
114,1513.642,340.0,1503.25,10.392,P,HALL,12.0,0.0,0.0,0.0,2,2,,,,,,,,,,,,,,,,,,,,,,,NQ,P,P,P,P,P,P,P,P,P,P,P,P,NQ,P,P
115,1544.422,146.901,1520.991,23.431,R,MORGAN,12.0,0.0,0.0,0.0,5,13,,,,,,,NQ,NQ,,,NQ,NQ,NQ,NQ,NQ,NQ,NQ,NQ,NQ,NQ,NQ,NQ,NQ,P,NQ,P,P,P,P,P,P,P,P,P,P,P,P,P
116,1512.19,340.0,1502.903,9.287,B,BANNERMAN,11.75,0.0,0.0,0.0,1,7,,,,,,,,,,,,,,,,,,NQ,P,P,P,P,P,P,P,P,P,P,P,P,NQ,P,P,P,P,P,P,P
117,1521.348,293.569,1504.267,17.081,J,AINSLIE,11.75,0.0,0.0,0.0,3,12,,,,,,,,,,,,,,,,,,,,,,NQ,P,NQ,P,NQ,P,P,P,P,P,P,P,P,P,P,P,P
118,1521.348,293.569,1504.267,17.081,N,ARGYLE,11.75,0.0,0.0,0.0,3,12,,,,,,,,,,,,,,,,,,,,,,NQ,P,NQ,P,NQ,P,P,P,P,P,P,P,P,P,P,P,P
119,1519.677,293.569,1504.267,15.41,A,SHAH,11.7,0.0,0.0,0.0,3,13,,,,,,,,,,,,,,,,,,,,,NQ,P,NQ,P,NQ,P,P,P,P,P,P,P,P,P,P,P,P,P
120,1529.134,218.827,1505.295,23.839,E,SMITH,11.65,0.0,0.0,0.0,4,8,,,,,,,,,,,,,,,,,,,,,,,,,,,NQ,NQ,NQ,NQ,P,P,P,P,P,P,P,P
121,1513.345,340.0,1502.897,10.448,S,GORE,11.6,0.0,0.0,0.0,2,10,,,,,,,,,,,,,,,,,,,,,NQ,P,P,P,P,P,P,NQ,P,P,P,P,P,P,P,P,P,P
122,1517.553,336.069,1504.228,13.325,H,WEBSTER,11.5,0.0,0.0,0.0,3,3,,,,,,,,,,,,,,,,,,,,,,,,,,NQ,P,P,NQ,P,P,P,P,P,NQ,P,P,P
123,1527.786,218.827,1505.15,22.636,T,BYRNE,11.5,0.0,0.0,0.0,3,15,,,,,,,,,,,,,,,,,,,NQ,P,NQ,NQ,NQ,P,P,P,P,P,P,P,P,P,P,P,P,P,P,P
124,1527.786,218.827,1505.15,22.636,Y,BLEUNVEN,11.5,0.0,0.0,0.0,3,15,,,,,,,,,,,,,,,,,,,NQ,P,NQ,NQ,NQ,P,P,P,P,P,P,P,P,P,P,P,P,P,P,P
125,1514.435,337.875,1502.885,11.55,C,BLACKABY,11.45,0.0,0.0,0.0,2,13,,,,,,,,,,,,,,,,,,,,,NQ,P,P,P,NQ,P,P,P,P,P,P,P,P,P,P,P,P,P
126,1513.345,340.0,1502.897,10.448,J,KYNASTON,11.45,0.0,0.0,0.0,1,12,,,,,,,,,,,,,,,,,,,NQ,P,P,P,P,P,P,NQ,P,P,P,P,P,P,P,P,P,P,P,P
127,1514.036,340.0,1502.893,11.143,N,SHEPARD,11.45,0.0,0.0,0.0,2,12,,,,,,,,,,,,,,,,,,,,,NQ,P,P,P,P,NQ,P,P,P,P,P,P,P,P,P,P,P,P
128,1524.264,251.069,1504.12,20.143,I,ADEBEKUN,11.399999999999999,0.0,0.0,0.0,3,15,,,,,,,,,,,,,,,,,,,,,NQ,NQ,NQ,P,P,P,P,P,P,P,P,P,P,P,P,P,P,P
129,1517.351,295.375,1503.097,14.254,R,THOROGOOD,11.399999999999999,0.0,0.0,0.0,2,15,,,,,,,,,,,,,,,,,,,,NQ,P,P,NQ,P,P,P,P,P,P,P,P,P,P,P,P,P,P,P
130,1524.264,251.069,1504.12,20.143,V,PRASHRA,11.399999999999999,0.0,0.0,0.0,3,15,,,,,,,,,,,,,,,,,,,,,NQ,NQ,NQ,P,P,P,P,P,P,P,P,P,P,P,P,P,P,P
131,1519.844,329.694,1504.493,15.351,E,OSEN,11.350000000000001,0.0,0.0,0.0,2,14,,,,,,,,,,,,,,,,NQ,,,,,,NQ,P,NQ,P,P,P,P,P,P,P,P,P,P,P,P,P,P
132,1517.617,340.0,1505.768,11.85,C,JONES,11.35,0.0,0.0,0.0,2,12,,,,,,,,,,,,,,,,,,,,,,NQ,P,P,P,NQ,P,P,P,P,P,P,P,P,P,P,P,P
133,1518.728,299.944,1504.02,14.708,T,FARMER,11.35,0.0,0.0,0.0,3,6,,,,,,,,,,,,,,,,,,,,,,,,,,NQ,P,NQ,P,P,P,NQ,P,P,P,P,P,P
134,1522.017,257.444,1503.897,18.121,H,ASQUITH,11.25,0.0,0.0,0.0,2,16,,,,,,,,,,,,,,,,,,,NQ,P,NQ,NQ,P,P,P,P,P,P,P,P,P,P,P,P,P,P,P,P
135,1522.973,214.944,1503.932,19.04,C,STONE,11.200000000000001,0.0,0.0,0.0,3,10,,,,,,,,,,,,,,,,,,,,,,,,,,NQ,NQ,NQ,P,P,P,P,P,P,P,P,P,P
136,1521.322,339.952,1505.813,15.51,B,DOVGYY,11.149999999999999,0.0,0.0,0.0,1,18,,,,,,,,NQ,NQ,,,,,,NQ,,,,,NQ,P,P,P,P,P,P,P,P,P,P,P,P,P,P,P,P,P,P
137,1519.726,293.569,1504.108,15.618,M,VANWYK,11.149999999999999,0.0,0.0,0.0,1,16,,,,,,,,,,,,,,,,NQ,,,NQ,P,P,NQ,P,P,P,P,P,P,P,P,P,P,P,P,P,P,P,P
138,1524.204,251.069,1504.29,19.914,F,BARON,11.1,0.0,0.0,0.0,3,8,,,,,,,,,,,,,,,,,,,,,,,,,,,NQ,P,NQ,NQ,P,P,P,P,P,P,P,P
139,,,,,,BRUNSKILL,11.05,0.0,0.0,0.0,0,22,,,,,,,,,,,,,,,,NQ,P,P,P,P,P,P,P,P,P,P,P,P,P,P,P,P,P,P,P,P,P,P
140,,,,,,FOX,11.05,0.0,0.0,0.0,0,22,,,,,,,NQ,,,,,,,,,,P,P,P,P,P,P,P,P,P,P,P,P,P,P,P,P,P,P,P,P,P,P
141,,,,,,HENDERSON,11.05,0.0,0.0,0.0,0,22,NQ,,,,,,,,,,,,,,,,P,P,P,P,P,P,P,P,P,P,P,P,P,P,P,P,P,P,P,P,P,P
142,,,,,,HINWOOD,11.05,0.0,0.0,0.0,0,22,,,,,,,,,,,,,NQ,,,,P,P,P,P,P,P,P,P,P,P,P,P,P,P,P,P,P,P,P,P,P,P
143,,,,,,JEBB,11.05,0.0,0.0,0.0,0,22,,,,,,,,,,,,,NQ,,,,P,P,P,P,P,P,P,P,P,P,P,P,P,P,P,P,P,P,P,P,P,P
144,,,,,,KINWOOD,11.05,0.0,0.0,0.0,0,22,,,,,,,,,,,,,,,,NQ,P,P,P,P,P,P,P,P,P,P,P,P,P,P,P,P,P,P,P,P,P,P
145,,,,,,KYNASTON,11.05,0.0,0.0,0.0,0,22,,,,,,,,,,,,,,,,NQ,P,P,P,P,P,P,P,P,P,P,P,P,P,P,P,P,P,P,P,P,P,P
146,,,,,,LAMPRIERE-JOHNSTON,11.05,0.0,0.0,0.0,0,22,,,,,,,,,,,,,NQ,,,,P,P,P,P,P,P,P,P,P,P,P,P,P,P,P,P,P,P,P,P,P,P
147,,,,,,LEGEAIS,11.05,0.0,0.0,0.0,0,22,,,,,,,,,,,,,,,,NQ,P,P,P,P,P,P,P,P,P,P,P,P,P,P,P,P,P,P,P,P,P,P
148,,,,,,LINDSAY,11.05,0.0,0.0,0.0,0,22,,,,,,,,,,,,,NQ,,,,P,P,P,P,P,P,P,P,P,P,P,P,P,P,P,P,P,P,P,P,P,P
149,,,,,,LOW,11.05,0.0,0.0,0.0,0,22,,,,,,,,,NQ,,,,,,,,P,P,P,P,P,P,P,P,P,P,P,P,P,P,P,P,P,P,P,P,P,P
150,,,,,,MATTINSON,11.05,0.0,0.0,0.0,0,22,,,,,,,,,,,,,NQ,,,,P,P,P,P,P,P,P,P,P,P,P,P,P,P,P,P,P,P,P,P,P,P
151,,,,,,NG,11.05,0.0,0.0,0.0,0,22,,,,,,,,,,,,,,,,NQ,P,P,P,P,P,P,P,P,P,P,P,P,P,P,P,P,P,P,P,P,P,P
152,,,,,,PEEL,11.05,0.0,0.0,0.0,0,22,NQ,,,,,,,,,,,,,,,,P,P,P,P,P,P,P,P,P,P,P,P,P,P,P,P,P,P,P,P,P,P
153,,,,,,PHILLIPS,11.05,0.0,0.0,0.0,0,22,NQ,,,,,,,,,,,,,,,,P,P,P,P,P,P,P,P,P,P,P,P,P,P,P,P,P,P,P,P,P,P
154,,,,,,PRAKASH,11.05,0.0,0.0,0.0,0,22,,,,,,,,,NQ,,,,,,,,P,P,P,P,P,P,P,P,P,P,P,P,P,P,P,P,P,P,P,P,P,P
155,,,,,,QUIRK,11.05,0.0,0.0,0.0,0,22,NQ,,,,,,,,,,,,,,,,P,P,P,P,P,P,P,P,P,P,P,P,P,P,P,P,P,P,P,P,P,P
156,,,,,,SCHOFIELD,11.05,0.0,0.0,0.0,0,22,,,,,,,,,,,,,,,,NQ,P,P,P,P,P,P,P,P,P,P,P,P,P,P,P,P,P,P,P,P,P,P
157,,,,,,SONGTHAMMAKUL,11.05,0.0,0.0,0.0,0,22,,,,,,,,,,,,,NQ,,,NQ,P,P,P,P,P,P,P,P,P,P,P,P,P,P,P,P,P,P,P,P,P,P
158,,,,,,STAPLETON,11.05,0.0,0.0,0.0,0,22,,,,,,,,,,,,,NQ,,,,P,P,P,P,P,P,P,P,P,P,P,P,P,P,P,P,P,P,P,P,P,P
159,,,,,,STYLES,11.05,0.0,0.0,0.0,0,22,NQ,,,,,,,,,,,,,,,,P,P,P,P,P,P,P,P,P,P,P,P,P,P,P,P,P,P,P,P,P,P
160,,,,,,WARBURG,11.05,0.0,0.0,0.0,0,22,,,,NQ,,,,,,,,,,,,,P,P,P,P,P,P,P,P,P,P,P,P,P,P,P,P,P,P,P,P,P,P
161,,,,,,WHITE,11.05,0.0,0.0,0.0,0,22,NQ,,,,,,NQ,,,NQ,,,,,,,P,P,P,P,P,P,P,P,P,P,P,P,P,P,P,P,P,P,P,P,P,P
162,1535.273,144.935,1507.213,28.06,A,ASLAM-BASKEYFIELD,11.05,0.0,0.0,0.0,0,19,,,,,,,,,,,,,NQ,,NQ,QF,,,QF,P,P,P,P,P,P,P,P,P,P,P,P,P,P,P,P,P,P,P
163,1519.592,214.944,1502.939,16.653,A,BENSON,11.05,0.0,0.0,0.0,0,21,,,,,,,,,,,,,,,,,L16,P,P,P,P,P,P,P,P,P,P,P,P,P,P,P,P,P,P,P,P,P
164,1517.413,295.375,1502.928,14.485,A,CRAWFORD,11.05,0.0,0.0,0.0,0,22,,NQ,,,,,,,,,,,,,,,P,P,P,P,P,P,P,P,P,P,P,P,P,P,P,P,P,P,P,P,P,P
165,1520.096,225.202,1503.863,16.233,A,GARRETT,11.05,0.0,0.0,0.0,0,19,,,,,,,,,,,,,,,,QF,,,NQ,P,P,P,P,P,P,P,P,P,P,P,P,P,P,P,P,P,P,P
166,1509.358,297.5,1501.404,7.955,A,LEGEAIS,11.05,0.0,0.0,0.0,0,19,,,,,,,,,,,,,,,,,,,NQ,P,P,P,P,P,P,P,P,P,P,P,P,P,P,P,P,P,P,P
167,1509.358,297.5,1501.404,7.955,A,MITCHELL,11.05,0.0,0.0,0.0,0,22,,,,NQ,,,,,,,,,,,,,P,P,P,P,P,P,P,P,P,P,P,P,P,P,P,P,P,P,P,P,P,P
168,1517.058,340.0,1504.729,12.328,A,NICE,11.05,0.0,0.0,0.0,0,22,,,,,NQ,,,,,,,,,NQ,,,P,P,P,P,P,P,P,P,P,P,P,P,P,P,P,P,P,P,P,P,P,P
169,1509.358,297.5,1501.404,7.955,A,PATTEN,11.05,0.0,0.0,0.0,0,22,,,,NQ,,,,,,,,,,,,,P,P,P,P,P,P,P,P,P,P,P,P,P,P,P,P,P,P,P,P,P,P
170,1510.481,297.5,1501.572,8.909,A,POOLE,11.05,0.0,0.0,0.0,0,22,,NQ,,,,,,,,,,,,,,,P,P,P,P,P,P,P,P,P,P,P,P,P,P,P,P,P,P,P,P,P,P
171,1509.358,297.5,1501.404,7.955,A,RATTAN,11.05,0.0,0.0,0.0,0,22,,,,,,NQ,,,,,,,,,,,P,P,P,P,P,P,P,P,P,P,P,P,P,P,P,P,P,P,P,P,P,P
172,1510.481,297.5,1501.572,8.909,A,STEWART,11.05,0.0,0.0,0.0,0,22,,,,,,,,,,,NQ,,,,,,P,P,P,P,P,P,P,P,P,P,P,P,P,P,P,P,P,P,P,P,P,P
173,1522.894,182.702,1503.434,19.46,A,WALTERS,11.05,0.0,0.0,0.0,0,22,SF,,,,,,,,,,,,,,,,P,P,P,P,P,P,P,P,P,P,P,P,P,P,P,P,P,P,P,P,P,P
174,1525.676,197.797,1505.222,20.454,A,WELLESLEY,11.05,0.0,0.0,0.0,0,22,,,,,,,NQ,L16,,,NQ,,,,,,P,P,P,P,P,P,P,P,P,P,P,P,P,P,P,P,P,P,P,P,P,P
175,1527.23,213.408,1504.579,22.651,A,YUSAF,11.05,0.0,0.0,0.0,0,22,,,,,NQ,,,L16,,,,,,,,,P,P,P,P,P,P,P,P,P,P,P,P,P,P,P,P,P,P,P,P,P,P
176,1522.226,214.944,1503.334,18.892,B,ALDERSON,11.05,0.0,0.0,0.0,0,22,,,,,,,,,,,L16,,,,,,P,P,P,P,P,P,P,P,P,P,P,P,P,P,P,P,P,P,P,P,P,P
177,1509.358,297.5,1501.404,7.955,B,CHRISTIE,11.05,0.0,0.0,0.0,0,22,,,,NQ,,,,,,,,,,,,,P,P,P,P,P,P,P,P,P,P,P,P,P,P,P,P,P,P,P,P,P,P
178,1510.481,297.5,1501.572,8.909,B,HARRISON,11.05,0.0,0.0,0.0,0,22,,,,,,,,,,,NQ,,,,,,P,P,P,P,P,P,P,P,P,P,P,P,P,P,P,P,P,P,P,P,P,P
179,1509.358,297.5,1501.404,7.955,B,HULME,11.05,0.0,0.0,0.0,0,19,,,,,,,,,,,,,,,,,,,NQ,P,P,P,P,P,P,P,P,P,P,P,P,P,P,P,P,P,P,P
180,1516.144,337.875,1503.228,12.917,B,JONES,11.05,0.0,0.0,0.0,0,22,,NQ,,,,,,NQ,,,,,,,,,P,P,P,P,P,P,P,P,P,P,P,P,P,P,P,P,P,P,P,P,P,P
181,1510.481,297.5,1501.572,8.909,B,WANG,11.05,0.0,0.0,0.0,0,22,,,,,,,,,,,,,,NQ,,,P,P,P,P,P,P,P,P,P,P,P,P,P,P,P,P,P,P,P,P,P,P
182,1532.266,191.422,1506.221,26.045,C,BALLINGALL,11.05,0.0,0.0,0.0,0,21,,,,,,,,,,,,,NQ,NQ,NQ,NQ,NQ,P,P,P,P,P,P,P,P,P,P,P,P,P,P,P,P,P,P,P,P,P
183,1509.358,297.5,1501.404,7.955,C,CHRISTIE,11.05,0.0,0.0,0.0,0,22,,,,NQ,,,,,,,,,,,,,P,P,P,P,P,P,P,P,P,P,P,P,P,P,P,P,P,P,P,P,P,P
184,1510.481,297.5,1501.572,8.909,C,FAIRBANKS-SMITH,11.05,0.0,0.0,0.0,0,22,,,,,NQ,,,,,,,,,,,,P,P,P,P,P,P,P,P,P,P,P,P,P,P,P,P,P,P,P,P,P,P
185,1509.358,297.5,1501.404,7.955,C,LYLE,11.05,0.0,0.0,0.0,0,22,,,,NQ,,,,,,,,,,,,,P,P,P,P,P,P,P,P,P,P,P,P,P,P,P,P,P,P,P,P,P,P
186,1509.358,297.5,1501.404,7.955,C,LYONS,11.05,0.0,0.0,0.0,0,22,,,,,,,,,,,,,NQ,,,,P,P,P,P,P,P,P,P,P,P,P,P,P,P,P,P,P,P,P,P,P,P
187,1509.358,297.5,1501.404,7.955,C,MELLOR,11.05,0.0,0.0,0.0,0,22,NQ,,,,,,,,,,,,,,,,P,P,P,P,P,P,P,P,P,P,P,P,P,P,P,P,P,P,P,P,P,P
188,1509.358,297.5,1501.404,7.955,C,PLEWS,11.05,0.0,0.0,0.0,0,22,,,,,,,,,,,,,NQ,,,,P,P,P,P,P,P,P,P,P,P,P,P,P,P,P,P,P,P,P,P,P,P
189,1527.235,233.922,1506.507,20.728,C,RENNIE,11.05,0.0,0.0,0.0,0,22,,,,NQ,NQ,NQ,,NQ,,,NQ,,,,,,P,P,P,P,P,P,P,P,P,P,P,P,P,P,P,P,P,P,P,P,P,P
190,1531.351,181.397,1505.417,25.934,C,SELF,11.05,0.0,0.0,0.0,0,22,NQ,L16,,,,,,,,,,,,,,,P,P,P,P,P,P,P,P,P,P,P,P,P,P,P,P,P,P,P,P,P,P
191,1510.481,297.5,1501.572,8.909,C,SHAWCROSS,11.05,0.0,0.0,0.0,0,22,,NQ,,,,,,,,,,,,,,,P,P,P,P,P,P,P,P,P,P,P,P,P,P,P,P,P,P,P,P,P,P
192,1510.481,297.5,1501.572,8.909,C,STOCKS,11.05,0.0,0.0,0.0,0,22,,,,,,,,,,,NQ,,,,,,P,P,P,P,P,P,P,P,P,P,P,P,P,P,P,P,P,P,P,P,P,P
193,1517.413,295.375,1502.928,14.485,C,WHEELER,11.05,0.0,0.0,0.0,0,22,,,,,,,,,NQ,,NQ,,,,,,P,P,P,P,P,P,P,P,P,P,P,P,P,P,P,P,P,P,P,P,P,P
194,1510.481,297.5,1501.572,8.909,D,ARWAS,11.05,0.0,0.0,0.0,0,22,,NQ,,,,,,,,,,,,,,,P,P,P,P,P,P,P,P,P,P,P,P,P,P,P,P,P,P,P,P,P,P
195,1510.481,297.5,1501.572,8.909,D,COOPER,11.05,0.0,0.0,0.0,0,21,,,,,,,,,,,,,,,,,NQ,P,P,P,P,P,P,P,P,P,P,P,P,P,P,P,P,P,P,P,P,P
196,1573.618,120.0,1523.114,50.504,D,FOSTER,11.05,0.0,0.0,0.0,0,22,QF,,QF,,QF,SF,,SF,NQ,QF,L16,,,,,,P,P,P,P,P,P,P,P,P,P,P,P,P,P,P,P,P,P,P,P,P,P
197,1509.358,297.5,1501.404,7.955,D,HUMES,11.05,0.0,0.0,0.0,0,19,,,,,,,,,,,,,,,,,,,NQ,P,P,P,P,P,P,P,P,P,P,P,P,P,P,P,P,P,P,P
198,1523.252,213.408,1503.929,19.322,D,LEACH,11.05,0.0,0.0,0.0,0,22,NQ,,,QF,,,,,,,,,,,,,P,P,P,P,P,P,P,P,P,P,P,P,P,P,P,P,P,P,P,P,P,P
199,1510.481,297.5,1501.572,8.909,D,LIGHT,11.05,0.0,0.0,0.0,0,22,,,,,,,,NQ,,,,,,,,,P,P,P,P,P,P,P,P,P,P,P,P,P,P,P,P,P,P,P,P,P,P
200,1518.831,182.702,1502.825,16.006,D,ORCHARD,11.05,0.0,0.0,0.0,0,22,,,,,,,,,,,,,SF,,,,P,P,P,P,P,P,P,P,P,P,P,P,P,P,P,P,P,P,P,P,P,P
201,1515.518,295.375,1502.769,12.749,D,PATEL,11.05,0.0,0.0,0.0,0,22,,,NQ,,,,,,,,,,,,,,P,P,P,P,P,P,P,P,P,P,P,P,P,P,P,P,P,P,P,P,P,P
202,1510.481,297.5,1501.572,8.909,D,STEPHENS,11.05,0.0,0.0,0.0,0,22,,NQ,,,,,,,,,,,,,,,P,P,P,P,P,P,P,P,P,P,P,P,P,P,P,P,P,P,P,P,P,P
203,1573.952,120.0,1521.83,52.121,E,ROSE,11.05,0.0,0.0,0.0,0,22,QF,QF,,SF,L16,QF,QF,,SF,SF,QF,,,,,,P,P,P,P,P,P,P,P,P,P,P,P,P,P,P,P,P,P,P,P,P,P
204,1514.435,337.875,1502.885,11.55,F,ADAIR,11.05,0.0,0.0,0.0,0,22,NQ,,,,,,NQ,,,,,,,,,,P,P,P,P,P,P,P,P,P,P,P,P,P,P,P,P,P,P,P,P,P,P
205,1510.481,297.5,1501.572,8.909,F,COLQUHOUN,11.05,0.0,0.0,0.0,0,22,,,,,NQ,,,,,,,,,,,,P,P,P,P,P,P,P,P,P,P,P,P,P,P,P,P,P,P,P,P,P,P
206,1509.358,297.5,1501.404,7.955,F,EARLAM,11.05,0.0,0.0,0.0,0,22,NQ,,,,,,,,,,,,,,,,P,P,P,P,P,P,P,P,P,P,P,P,P,P,P,P,P,P,P,P,P,P
207,1510.481,297.5,1501.572,8.909,F,IMRIE,11.05,0.0,0.0,0.0,0,22,,NQ,,,,,,,,,,,,,,,P,P,P,P,P,P,P,P,P,P,P,P,P,P,P,P,P,P,P,P,P,P
208,1509.358,297.5,1501.404,7.955,F,WATT,11.05,0.0,0.0,0.0,0,22,,,,,,,,,,,,,NQ,,,,P,P,P,P,P,P,P,P,P,P,P,P,P,P,P,P,P,P,P,P,P,P
209,1541.476,168.668,1511.682,29.794,G,CHAPMAN,11.05,0.0,0.0,0.0,0,21,,,,,,,,NQ,,,,,,L16,,,L16,P,P,P,P,P,P,P,P,P,P,P,P,P,P,P,P,P,P,P,P,P
210,1515.518,295.375,1502.769,12.749,G,GARRETT,11.05,0.0,0.0,0.0,0,22,,,,,,,,,,,,,NQ,,,NQ,P,P,P,P,P,P,P,P,P,P,P,P,P,P,P,P,P,P,P,P,P,P
211,1536.682,144.5,1511.041,25.641,G,HOSKINS,11.05,0.0,0.0,0.0,0,22,,L16,,,L16,,NQ,L16,,,NQ,,,,,,P,P,P,P,P,P,P,P,P,P,P,P,P,P,P,P,P,P,P,P,P,P
212,1523.583,223.897,1505.041,18.543,G,LEWIS,11.05,0.0,0.0,0.0,0,22,NQ,,,QF,,,NQ,,,,,,,,,,P,P,P,P,P,P,P,P,P,P,P,P,P,P,P,P,P,P,P,P,P,P
213,1510.481,297.5,1501.572,8.909,G,LINFIELD,11.05,0.0,0.0,0.0,0,22,,,,,,,,,,,,,,NQ,,,P,P,P,P,P,P,P,P,P,P,P,P,P,P,P,P,P,P,P,P,P,P
214,1515.518,295.375,1502.769,12.749,G,MCLOUGHLIN,11.05,0.0,0.0,0.0,0,19,,,,,,,,,,,,,,,,NQ,,,NQ,P,P,P,P,P,P,P,P,P,P,P,P,P,P,P,P,P,P,P
215,1515.518,295.375,1502.769,12.749,G,PANAYI,11.05,0.0,0.0,0.0,0,22,NQ,,,NQ,,,,,,,,,,,,,P,P,P,P,P,P,P,P,P,P,P,P,P,P,P,P,P,P,P,P,P,P
216,1534.335,187.0,1517.843,16.493,GUY,WILLIAMS,11.05,0.0,0.0,0.0,1,17,NQ,,,QF,L16,,,L16,,QF,L16,,QF,,,,,,,,NQ,P,P,P,P,P,P,P,P,P,P,P,P,P,P,P,P,P
217,1521.902,257.444,1504.043,17.859,H,BROMLEY-DAVENPORT,11.05,0.0,0.0,0.0,0,22,NQ,,,,,,,,,,,,,,,,P,P,P,P,P,P,P,P,P,P,P,P,P,P,P,P,P,P,P,P,P,P
218,1510.481,297.5,1501.572,8.909,H,CAMPBELL,11.05,0.0,0.0,0.0,0,22,,,,,NQ,,,,,,,,,,,,P,P,P,P,P,P,P,P,P,P,P,P,P,P,P,P,P,P,P,P,P,P
219,1523.442,292.033,1505.578,17.864,H,FLOWERS,11.05,0.0,0.0,0.0,0,22,NQ,,,NQ,,,NQ,,,,,,,,,,P,P,P,P,P,P,P,P,P,P,P,P,P,P,P,P,P,P,P,P,P,P
220,1509.358,297.5,1501.404,7.955,H,HARDMAN,11.05,0.0,0.0,0.0,0,22,,,,,,,,,,,,,NQ,,,,P,P,P,P,P,P,P,P,P,P,P,P,P,P,P,P,P,P,P,P,P,P
221,1528.38,237.575,1513.52,14.86,H,LEWIS,11.05,0.0,0.0,0.0,0,20,QF,L16,,NQ,QF,,,,,,,,NQ,,,,,NQ,P,P,P,P,P,P,P,P,P,P,P,P,P,P,P,P,P,P,P,P
222,1540.138,176.96,1509.71,30.428,H,RAVI,11.05,0.0,0.0,0.0,0,20,,,,,,,,,,,,,,NQ,NQ,,L16,NQ,P,P,P,P,P,P,P,P,P,P,P,P,P,P,P,P,P,P,P,P
223,1509.358,297.5,1501.404,7.955,H,THISTLETHWAYTE,11.05,0.0,0.0,0.0,0,22,,,,,,,,,,,,,NQ,,,,P,P,P,P,P,P,P,P,P,P,P,P,P,P,P,P,P,P,P,P,P,P
224,1525.289,292.033,1505.89,19.4,H,TURNBULL,11.05,0.0,0.0,0.0,0,22,,NQ,,,NQ,,,,,,,,,,,,P,P,P,P,P,P,P,P,P,P,P,P,P,P,P,P,P,P,P,P,P,P
225,1509.358,297.5,1501.404,7.955,H,WINTOUR,11.05,0.0,0.0,0.0,0,22,,,,,,,,,,,,,,,,NQ,P,P,P,P,P,P,P,P,P,P,P,P,P,P,P,P,P,P,P,P,P,P
226,1517.413,295.375,1502.928,14.485,I,KIDD,11.05,0.0,0.0,0.0,0,21,,,,,,,,,,,,,,,NQ,,NQ,P,P,P,P,P,P,P,P,P,P,P,P,P,P,P,P,P,P,P,P,P
227,1510.481,297.5,1501.572,8.909,I,MORGAN,11.05,0.0,0.0,0.0,0,22,,,,,NQ,,,,,,,,,,,,P,P,P,P,P,P,P,P,P,P,P,P,P,P,P,P,P,P,P,P,P,P
228,1532.165,181.397,1505.484,26.681,I,WAGLAND,11.05,0.0,0.0,0.0,0,22,,NQ,,NQ,L16,,,,,,,,,,,,P,P,P,P,P,P,P,P,P,P,P,P,P,P,P,P,P,P,P,P,P,P
229,1533.166,135.107,1509.374,23.792,J,ABBOTT,11.05,0.0,0.0,0.0,0,22,,QF,QF,,L16,,,,,,L16,,,,,,P,P,P,P,P,P,P,P,P,P,P,P,P,P,P,P,P,P,P,P,P,P
230,1521.375,214.944,1503.206,18.169,J,BETTS,11.05,0.0,0.0,0.0,0,22,,,,,L16,,,,,,,,,,,,P,P,P,P,P,P,P,P,P,P,P,P,P,P,P,P,P,P,P,P,P,P
231,1517.568,252.875,1502.805,14.762,J,CAPSTICK-DALE,11.05,0.0,0.0,0.0,0,22,,,,,,,NQ,NQ,,,,,,,,,P,P,P,P,P,P,P,P,P,P,P,P,P,P,P,P,P,P,P,P,P,P
232,1509.358,297.5,1501.404,7.955,J,DORAN,11.05,0.0,0.0,0.0,0,22,NQ,,,,,,,,,,,,,,,,P,P,P,P,P,P,P,P,P,P,P,P,P,P,P,P,P,P,P,P,P,P
233,1520.328,266.397,1505.708,14.62,J,FLOWERS,11.05,0.0,0.0,0.0,0,22,,L16,,,,,,,NQ,,,,,,,,P,P,P,P,P,P,P,P,P,P,P,P,P,P,P,P,P,P,P,P,P,P
234,1509.358,297.5,1501.404,7.955,J,HINWOOD,11.05,0.0,0.0,0.0,0,19,,,,,,,,,,,,,,,,,,,NQ,P,P,P,P,P,P,P,P,P,P,P,P,P,P,P,P,P,P,P
235,1509.358,297.5,1501.404,7.955,J,HOLROYD,11.05,0.0,0.0,0.0,0,22,,,,NQ,,,,,,,,,,,,,P,P,P,P,P,P,P,P,P,P,P,P,P,P,P,P,P,P,P,P,P,P
236,1509.358,297.5,1501.404,7.955,J,HUMES,11.05,0.0,0.0,0.0,0,22,,,,,,,NQ,,,,,,,,,,P,P,P,P,P,P,P,P,P,P,P,P,P,P,P,P,P,P,P,P,P,P
237,1512.636,340.0,1502.901,9.736,J,HUTCHESON,11.05,0.0,0.0,0.0,0,22,,,,,,,,,,,,NQ,,,,,P,P,P,P,P,P,P,P,P,P,P,P,P,P,P,P,P,P,P,P,P,P
238,1510.481,297.5,1501.572,8.909,J,HUTTER,11.05,0.0,0.0,0.0,0,22,,NQ,,,,,,,,,,,,,,,P,P,P,P,P,P,P,P,P,P,P,P,P,P,P,P,P,P,P,P,P,P
239,1520.566,340.0,1507.799,12.768,J,LAWRENCE,11.05,0.0,0.0,0.0,0,22,,,NQ,,,,,,,,,,NQ,,,,P,P,P,P,P,P,P,P,P,P,P,P,P,P,P,P,P,P,P,P,P,P
240,1541.018,120.0,1509.922,31.096,J,LEFORT,11.05,0.0,0.0,0.0,0,22,,L16,NQ,,L16,,,,,,,,,,,,P,P,P,P,P,P,P,P,P,P,P,P,P,P,P,P,P,P,P,P,P,P
241,1510.481,297.5,1501.572,8.909,J,MOORE,11.05,0.0,0.0,0.0,0,22,,,,,,,,,,,,,,NQ,,,P,P,P,P,P,P,P,P,P,P,P,P,P,P,P,P,P,P,P,P,P,P
242,1529.212,120.0,1505.974,23.239,J,O'NEILL,11.05,0.0,0.0,0.0,0,22,,,QF,,,,,,NQ,,,,,,,,P,P,P,P,P,P,P,P,P,P,P,P,P,P,P,P,P,P,P,P,P,P
243,1510.481,297.5,1501.572,8.909,J,PARHAM,11.05,0.0,0.0,0.0,0,22,,,,,,,,,,,NQ,,,,,,P,P,P,P,P,P,P,P,P,P,P,P,P,P,P,P,P,P,P,P,P,P
244,1541.326,167.842,1511.059,30.267,J,PATEL,11.05,0.0,0.0,0.0,0,21,,QF,,,NQ,,,,NQ,,,NQ,,,,,QF,P,P,P,P,P,P,P,P,P,P,P,P,P,P,P,P,P,P,P,P,P
245,1517.413,295.375,1502.928,14.485,J,SAUNDERS,11.05,0.0,0.0,0.0,0,22,,NQ,,,,,,,,,,,,,,,P,P,P,P,P,P,P,P,P,P,P,P,P,P,P,P,P,P,P,P,P,P
246,1516.144,337.875,1503.228,12.917,J,STALEY,11.05,0.0,0.0,0.0,0,22,,,,,,,,NQ,,,,,,NQ,,,P,P,P,P,P,P,P,P,P,P,P,P,P,P,P,P,P,P,P,P,P,P
247,1509.358,297.5,1501.404,7.955,J,WELLER,11.05,0.0,0.0,0.0,0,22,,,,,,NQ,,,,,,,,,,,P,P,P,P,P,P,P,P,P,P,P,P,P,P,P,P,P,P,P,P,P,P
248,1515.518,295.375,1502.769,12.749,J,ZAZA,11.05,0.0,0.0,0.0,0,22,,,,,,,,,,,,,NQ,,,NQ,P,P,P,P,P,P,P,P,P,P,P,P,P,P,P,P,P,P,P,P,P,P
249,1550.918,120.0,1512.549,38.368,K,NWUBA,11.05,0.0,0.0,0.0,0,22,,,,,NQ,NQ,NQ,NQ,QF,NQ,L16,,NQ,L16,,,P,P,P,P,P,P,P,P,P,P,P,P,P,P,P,P,P,P,P,P,P,P
250,1535.832,218.873,1506.866,28.966,K,WALTON,11.05,0.0,0.0,0.0,0,22,,,,,,NQ,,,,,NQ,QF,NQ,,,,P,P,P,P,P,P,P,P,P,P,P,P,P,P,P,P,P,P,P,P,P,P
251,1519.796,214.944,1502.969,16.827,L,MACLEAN,11.05,0.0,0.0,0.0,0,22,,,,,,,,,,,,,,,,QF,P,P,P,P,P,P,P,P,P,P,P,P,P,P,P,P,P,P,P,P,P,P
252,1514.244,340.0,1504.715,9.529,M,ASQUITH,11.05,0.0,0.0,0.0,1,17,,,,,NQ,,,,,,,,,,,,,,,,NQ,P,P,P,P,P,P,P,P,P,P,P,P,P,P,P,P,P
253,1521.264,214.944,1503.19,18.074,M,BASSOT,11.05,0.0,0.0,0.0,0,21,,,,,,,,,,,,,,,,,L16,P,P,P,P,P,P,P,P,P,P,P,P,P,P,P,P,P,P,P,P,P
254,1509.358,297.5,1501.404,7.955,M,BEARD,11.05,0.0,0.0,0.0,0,20,,,,,,,,,,,,,,,,,,NQ,P,P,P,P,P,P,P,P,P,P,P,P,P,P,P,P,P,P,P,P
255,1510.481,297.5,1501.572,8.909,M,BROOKES,11.05,0.0,0.0,0.0,0,22,,,,,NQ,,,,,,,,,,,,P,P,P,P,P,P,P,P,P,P,P,P,P,P,P,P,P,P,P,P,P,P
256,1510.481,297.5,1501.572,8.909,M,CAPSTICK-DALE,11.05,0.0,0.0,0.0,0,22,,,,,,,,NQ,,,,,,,,,P,P,P,P,P,P,P,P,P,P,P,P,P,P,P,P,P,P,P,P,P,P
257,1514.435,337.875,1502.885,11.55,M,CHANRAI,11.05,0.0,0.0,0.0,0,22,,,NQ,,,,,,,,,,,,,,P,P,P,P,P,P,P,P,P,P,P,P,P,P,P,P,P,P,P,P,P,P
258,1510.481,297.5,1501.572,8.909,M,HOLDSWORTH,11.05,0.0,0.0,0.0,0,22,,,,,,,,NQ,,,,,,,,,P,P,P,P,P,P,P,P,P,P,P,P,P,P,P,P,P,P,P,P,P,P
259,1519.726,293.569,1504.108,15.618,M,HULSE,11.05,0.0,0.0,0.0,0,22,NQ,,,NQ,,,NQ,,,,,,,,,,P,P,P,P,P,P,P,P,P,P,P,P,P,P,P,P,P,P,P,P,P,P
260,1509.358,297.5,1501.404,7.955,M,LEWIN,11.05,0.0,0.0,0.0,0,20,,,,,,,,,,,,,,,,,,NQ,P,P,P,P,P,P,P,P,P,P,P,P,P,P,P,P,P,P,P,P
261,1509.358,297.5,1501.404,7.955,M,LI,11.05,0.0,0.0,0.0,0,22,,,,,,,,,,,,,,,,NQ,P,P,P,P,P,P,P,P,P,P,P,P,P,P,P,P,P,P,P,P,P,P
262,1509.358,297.5,1501.404,7.955,M,MORRIS,11.05,0.0,0.0,0.0,0,22,,,,,,,,,,,,,NQ,,,,P,P,P,P,P,P,P,P,P,P,P,P,P,P,P,P,P,P,P,P,P,P
263,1514.435,337.875,1502.885,11.55,M,MOSTAFAVI,11.05,0.0,0.0,0.0,0,22,,,NQ,,,,,,,,,,,,,,P,P,P,P,P,P,P,P,P,P,P,P,P,P,P,P,P,P,P,P,P,P
264,1515.518,295.375,1502.769,12.749,M,PRITCHARD,11.05,0.0,0.0,0.0,0,22,NQ,,,,,,,,,,,,,,,,P,P,P,P,P,P,P,P,P,P,P,P,P,P,P,P,P,P,P,P,P,P
265,1510.481,297.5,1501.572,8.909,M,ROWSE,11.05,0.0,0.0,0.0,0,22,,,,,,,,,,,NQ,,,,,,P,P,P,P,P,P,P,P,P,P,P,P,P,P,P,P,P,P,P,P,P,P
266,1510.481,297.5,1501.572,8.909,M,SCURR,11.05,0.0,0.0,0.0,0,21,,,,,,,,,,,,,,,,,NQ,P,P,P,P,P,P,P,P,P,P,P,P,P,P,P,P,P,P,P,P,P
267,1517.413,295.375,1502.928,14.485,M,SKJOTT,11.05,0.0,0.0,0.0,0,22,,NQ,,,,,,,,,,,,,,,P,P,P,P,P,P,P,P,P,P,P,P,P,P,P,P,P,P,P,P,P,P
268,1515.518,295.375,1502.769,12.749,M,WINTLE,11.05,0.0,0.0,0.0,0,22,,,NQ,,,,,,,,,,,,,,P,P,P,P,P,P,P,P,P,P,P,P,P,P,P,P,P,P,P,P,P,P
269,1518.951,214.944,1502.843,16.109,N,ADDY,11.05,0.0,0.0,0.0,0,22,,,,,,,,,,,,,,,QF,,P,P,P,P,P,P,P,P,P,P,P,P,P,P,P,P,P,P,P,P,P,P
270,1531.725,201.45,1513.928,17.797,N,BUNYAN,11.05,0.0,0.0,0.0,0,22,,NQ,NQ,NQ,NQ,,QF,,,,,,NQ,,,NQ,P,P,P,P,P,P,P,P,P,P,P,P,P,P,P,P,P,P,P,P,P,P
271,1517.351,295.375,1503.097,14.254,N,COX,11.05,0.0,0.0,0.0,0,22,,NQ,,,,,,,,,,,,,,,P,P,P,P,P,P,P,P,P,P,P,P,P,P,P,P,P,P,P,P,P,P
272,1517.351,295.375,1503.097,14.254,N,GILL,11.05,0.0,0.0,0.0,0,21,,,,,,,,,,,,,,NQ,,,NQ,P,P,P,P,P,P,P,P,P,P,P,P,P,P,P,P,P,P,P,P,P
273,1509.358,297.5,1501.404,7.955,N,PEARCE,11.05,0.0,0.0,0.0,0,22,,,,NQ,,,,,,,,,,,,,P,P,P,P,P,P,P,P,P,P,P,P,P,P,P,P,P,P,P,P,P,P
274,1510.481,297.5,1501.572,8.909,O,LIGHT,11.05,0.0,0.0,0.0,0,22,,,,,,,,NQ,,,,,,,,,P,P,P,P,P,P,P,P,P,P,P,P,P,P,P,P,P,P,P,P,P,P
275,1510.481,297.5,1501.572,8.909,O,ROWSE,11.05,0.0,0.0,0.0,0,22,,,,,,,,,,,NQ,,,,,,P,P,P,P,P,P,P,P,P,P,P,P,P,P,P,P,P,P,P,P,P,P
276,1534.088,203.582,1507.033,27.055,O,SANDER,11.05,0.0,0.0,0.0,0,22,,,,,,,,,,,,NQ,,L16,NQ,,P,P,P,P,P,P,P,P,P,P,P,P,P,P,P,P,P,P,P,P,P,P
277,1516.039,340.0,1505.677,10.362,P,BOUGHTON,11.05,0.0,0.0,0.0,0,22,,NQ,,,,,,,,,,,,,,NQ,P,P,P,P,P,P,P,P,P,P,P,P,P,P,P,P,P,P,P,P,P,P
278,1563.396,120.0,1514.846,48.55,P,COHEN,11.05,0.0,0.0,0.0,0,22,,L16,QF,,,,,,,,,,,,,,P,P,P,P,P,P,P,P,P,P,P,P,P,P,P,P,P,P,P,P,P,P
279,1518.002,214.944,1502.7,15.302,P,SCHOLEY,11.05,0.0,0.0,0.0,0,22,,,,,,,QF,,,,,,,,,,P,P,P,P,P,P,P,P,P,P,P,P,P,P,P,P,P,P,P,P,P,P
280,1510.481,297.5,1501.572,8.909,P,THOMPSON,11.05,0.0,0.0,0.0,0,21,,,,,,,,,,,,,,,,,NQ,P,P,P,P,P,P,P,P,P,P,P,P,P,P,P,P,P,P,P,P,P
281,1543.415,120.0,1508.262,35.153,P,WHITE,11.05,0.0,0.0,0.0,0,22,QF,L16,QF,,,,,,,,,,,,,,P,P,P,P,P,P,P,P,P,P,P,P,P,P,P,P,P,P,P,P,P,P
282,1515.922,295.375,1502.937,12.985,P,WORTH,11.05,0.0,0.0,0.0,0,22,,NQ,,,,,,,,,,,,,,,P,P,P,P,P,P,P,P,P,P,P,P,P,P,P,P,P,P,P,P,P,P
283,1518.929,214.944,1502.839,16.09,R,BRYAN,11.05,0.0,0.0,0.0,0,22,,L16,,,,,,,,,,,,,,,P,P,P,P,P,P,P,P,P,P,P,P,P,P,P,P,P,P,P,P,P,P
284,1527.786,218.827,1505.15,22.636,R,MALIK,11.05,0.0,0.0,0.0,0,22,NQ,,NQ,NQ,NQ,,,,,,,,,,,,P,P,P,P,P,P,P,P,P,P,P,P,P,P,P,P,P,P,P,P,P,P
285,1509.358,297.5,1501.404,7.955,R,ORCHARD,11.05,0.0,0.0,0.0,0,22,,,,,,,,,,,,,NQ,,,,P,P,P,P,P,P,P,P,P,P,P,P,P,P,P,P,P,P,P,P,P,P
286,1517.413,295.375,1502.928,14.485,R,PATTISON,11.05,0.0,0.0,0.0,0,22,,NQ,,,,,,,,,,,,,,,P,P,P,P,P,P,P,P,P,P,P,P,P,P,P,P,P,P,P,P,P,P
287,1542.215,120.0,1514.563,27.652,R,WILSON,11.05,0.0,0.0,0.0,0,22,NQ,QF,QF,,L16,,,,,,L16,NQ,,,,,P,P,P,P,P,P,P,P,P,P,P,P,P,P,P,P,P,P,P,P,P,P
288,1517.351,295.375,1503.097,14.254,S,CASS,11.05,0.0,0.0,0.0,0,21,,,,,,,,,,,,,,NQ,,,NQ,P,P,P,P,P,P,P,P,P,P,P,P,P,P,P,P,P,P,P,P,P
289,1520.539,308.897,1506.124,14.415,S,CHAPMAN,11.05,0.0,0.0,0.0,0,21,,,,,NQ,,,L16,,,,,,,,,NQ,P,P,P,P,P,P,P,P,P,P,P,P,P,P,P,P,P,P,P,P,P
290,1517.165,295.375,1502.929,14.236,S,CHRISTOPHER,11.05,0.0,0.0,0.0,0,22,,NQ,,NQ,,,,,,,,,,,,,P,P,P,P,P,P,P,P,P,P,P,P,P,P,P,P,P,P,P,P,P,P
291,1510.481,297.5,1501.572,8.909,S,CLARK,11.05,0.0,0.0,0.0,0,22,,NQ,,,,,,,,,,,,,,,P,P,P,P,P,P,P,P,P,P,P,P,P,P,P,P,P,P,P,P,P,P
292,1515.518,295.375,1502.769,12.749,S,COTTY,11.05,0.0,0.0,0.0,0,22,,,,,,,NQ,,,NQ,,,,,,,P,P,P,P,P,P,P,P,P,P,P,P,P,P,P,P,P,P,P,P,P,P
293,1509.358,297.5,1501.404,7.955,S,GANAPATHI,11.05,0.0,0.0,0.0,0,22,,,,NQ,,,,,,,,,,,,,P,P,P,P,P,P,P,P,P,P,P,P,P,P,P,P,P,P,P,P,P,P
294,1509.358,297.5,1501.404,7.955,S,GUPTA,11.05,0.0,0.0,0.0,0,22,,,,,,,,,,,,,,,,NQ,P,P,P,P,P,P,P,P,P,P,P,P,P,P,P,P,P,P,P,P,P,P
295,1514.476,337.875,1503.053,11.422,S,KELLY,11.05,0.0,0.0,0.0,0,22,,,,,,,,NQ,,,,,,,NQ,,P,P,P,P,P,P,P,P,P,P,P,P,P,P,P,P,P,P,P,P,P,P
296,1520.532,214.944,1503.08,17.453,S,LITTLE,11.05,0.0,0.0,0.0,0,22,,,,,L16,,,,,,,,,,,,P,P,P,P,P,P,P,P,P,P,P,P,P,P,P,P,P,P,P,P,P,P
297,1510.481,297.5,1501.572,8.909,S,PATEL,11.05,0.0,0.0,0.0,0,22,,NQ,,,,,,,,,,,,,,,P,P,P,P,P,P,P,P,P,P,P,P,P,P,P,P,P,P,P,P,P,P
298,1509.358,297.5,1501.404,7.955,S,UJOODIA,11.05,0.0,0.0,0.0,0,22,,,,,,,,,,,,,NQ,,,,P,P,P,P,P,P,P,P,P,P,P,P,P,P,P,P,P,P,P,P,P,P
299,1517.351,295.375,1503.097,14.254,S,WOOLFRIES,11.05,0.0,0.0,0.0,0,22,,NQ,,,,,,,,,,,,,,,P,P,P,P,P,P,P,P,P,P,P,P,P,P,P,P,P,P,P,P,P,P
300,1525.129,255.908,1505.367,19.761,S,YICK,11.05,0.0,0.0,0.0,0,22,,,,NQ,,,NQ,,NQ,,NQ,,,,,,P,P,P,P,P,P,P,P,P,P,P,P,P,P,P,P,P,P,P,P,P,P
301,1519.796,214.944,1502.969,16.827,SA,BALAJI,11.05,0.0,0.0,0.0,0,22,,,,,,,,,,,,,,,,QF,P,P,P,P,P,P,P,P,P,P,P,P,P,P,P,P,P,P,P,P,P,P
302,1517.165,295.375,1502.929,14.236,SU,BALAJI,11.05,0.0,0.0,0.0,0,22,,,,,,,,,,,NQ,,NQ,,,,P,P,P,P,P,P,P,P,P,P,P,P,P,P,P,P,P,P,P,P,P,P
303,1519.726,293.569,1504.108,15.618,T,BREESE,11.05,0.0,0.0,0.0,0,22,NQ,,,NQ,,,NQ,,,,,,,,,,P,P,P,P,P,P,P,P,P,P,P,P,P,P,P,P,P,P,P,P,P,P
304,1515.518,295.375,1502.769,12.749,T,BROMLEY-DAVENPORT,11.05,0.0,0.0,0.0,0,22,,,,,,,,,,,,,NQ,,,NQ,P,P,P,P,P,P,P,P,P,P,P,P,P,P,P,P,P,P,P,P,P,P
305,1515.518,295.375,1502.769,12.749,T,CASTLING,11.05,0.0,0.0,0.0,0,19,,,,,,,,,,,,,,,,NQ,,,NQ,P,P,P,P,P,P,P,P,P,P,P,P,P,P,P,P,P,P,P
306,1517.522,252.875,1502.819,14.703,T,FLETCHER,11.05,0.0,0.0,0.0,0,22,,,,,,,,NQ,NQ,,,,,,,,P,P,P,P,P,P,P,P,P,P,P,P,P,P,P,P,P,P,P,P,P,P
307,1509.358,297.5,1501.404,7.955,T,HUSSELBEE,11.05,0.0,0.0,0.0,0,22,NQ,,,,,,,,,,,,,,,,P,P,P,P,P,P,P,P,P,P,P,P,P,P,P,P,P,P,P,P,P,P
308,1529.281,242.81,1506.116,23.165,T,KIRKBY,11.05,0.0,0.0,0.0,0,21,,,,,,,NQ,,,,NQ,,,,,,L16,P,P,P,P,P,P,P,P,P,P,P,P,P,P,P,P,P,P,P,P,P
309,1510.481,297.5,1501.572,8.909,T,THURNHAM,11.05,0.0,0.0,0.0,0,21,,,,,,,,,,,,,,,,,NQ,P,P,P,P,P,P,P,P,P,P,P,P,P,P,P,P,P,P,P,P,P
310,1525.636,182.702,1504.016,21.62,T,WELD,11.05,0.0,0.0,0.0,0,22,,,,,,,NQ,L16,,,,,,,,,P,P,P,P,P,P,P,P,P,P,P,P,P,P,P,P,P,P,P,P,P,P
311,1510.481,297.5,1501.572,8.909,T,WELT,11.05,0.0,0.0,0.0,0,22,,,,,NQ,,,,,,,,,,,,P,P,P,P,P,P,P,P,P,P,P,P,P,P,P,P,P,P,P,P,P,P
312,1515.518,295.375,1502.769,12.749,TIM,FLETCHER,11.05,0.0,0.0,0.0,0,22,NQ,,,NQ,,,,,,,,,,,,,P,P,P,P,P,P,P,P,P,P,P,P,P,P,P,P,P,P,P,P,P,P
313,1520.33,251.069,1503.998,16.332,TOM,FLETCHER,11.05,0.0,0.0,0.0,0,22,NQ,,,NQ,,NQ,,,,,,,,,,,P,P,P,P,P,P,P,P,P,P,P,P,P,P,P,P,P,P,P,P,P,P
314,1509.358,297.5,1501.404,7.955,V,SHETTY,11.05,0.0,0.0,0.0,0,22,,,,,,,,,,,,,NQ,,,,P,P,P,P,P,P,P,P,P,P,P,P,P,P,P,P,P,P,P,P,P,P
315,1509.358,297.5,1501.404,7.955,W,CAREW,11.05,0.0,0.0,0.0,0,22,,,,,,,,,,,,,NQ,,,,P,P,P,P,P,P,P,P,P,P,P,P,P,P,P,P,P,P,P,P,P,P
316,1523.252,213.408,1503.929,19.322,W,GIBBONS,11.05,0.0,0.0,0.0,0,22,NQ,,,QF,,,,,,,,,,,,,P,P,P,P,P,P,P,P,P,P,P,P,P,P,P,P,P,P,P,P,P,P
317,1518.929,214.944,1502.839,16.09,W,JONES,11.05,0.0,0.0,0.0,0,22,,L16,,,,,,,,,,,,,,,P,P,P,P,P,P,P,P,P,P,P,P,P,P,P,P,P,P,P,P,P,P
318,1509.358,297.5,1501.404,7.955,W,REID,11.05,0.0,0.0,0.0,0,22,,,,,,,,,NQ,,,,,,,,P,P,P,P,P,P,P,P,P,P,P,P,P,P,P,P,P,P,P,P,P,P
319,1515.623,340.0,1504.56,11.063,P,ROPER,11.0,0.0,0.0,0.0,1,15,,,,,,,,L16,,,,,,,,,,,,,,,NQ,P,P,P,P,P,P,P,P,P,P,P,P,P,P,P
320,1510.481,297.5,1501.572,8.909,W,HOWARD,11.0,0.0,0.0,0.0,1,15,,,,,,,,,,,,,,,,,,,,,,,NQ,P,P,P,P,P,P,P,P,P,P,P,P,P,P,P
321,1513.403,340.0,1504.262,9.141,A,TANSEY,10.95,0.0,0.0,0.0,1,16,,,NQ,,,,,,,,,,,,,,,,,,,NQ,P,P,P,P,P,P,P,P,P,P,P,P,P,P,P,P
322,1509.358,297.5,1501.404,7.955,B,WARE,10.95,0.0,0.0,0.0,1,16,,,,,,,,,,,,,,,,,,,,,,NQ,P,P,P,P,P,P,P,P,P,P,P,P,P,P,P,P
323,1509.358,297.5,1501.404,7.955,D,SCHOFIELD,10.95,0.0,0.0,0.0,1,16,,,,,,,,,,,,,,,,,,,,,,NQ,P,P,P,P,P,P,P,P,P,P,P,P,P,P,P,P
324,1509.358,297.5,1501.404,7.955,F,MCDONALD-BROWN,10.95,0.0,0.0,0.0,1,16,,,,,,,,,,,,,,,,,,,,,,NQ,P,P,P,P,P,P,P,P,P,P,P,P,P,P,P,P
325,1509.358,297.5,1501.404,7.955,G,POOK,10.95,0.0,0.0,0.0,1,16,,,,,,,,,,,,,,,,,,,,,,NQ,P,P,P,P,P,P,P,P,P,P,P,P,P,P,P,P
326,1509.358,297.5,1501.404,7.955,I,UJOODIA,10.95,0.0,0.0,0.0,1,16,,,,,,,,,,,,,,,,,,,,,,NQ,P,P,P,P,P,P,P,P,P,P,P,P,P,P,P,P
327,1509.358,297.5,1501.404,7.955,J,FRASER-ANDREWS,10.95,0.0,0.0,0.0,1,16,,,,,,,,,,,,,,,,,,,,,,NQ,P,P,P,P,P,P,P,P,P,P,P,P,P,P,P,P
328,1509.358,297.5,1501.404,7.955,J,REYNOLDS,10.95,0.0,0.0,0.0,1,16,,,,,,,,,,,,,,,,,,,,,,NQ,P,P,P,P,P,P,P,P,P,P,P,P,P,P,P,P
329,1509.358,297.5,1501.404,7.955,M,BEVANS,10.95,0.0,0.0,0.0,1,16,,,,,,,,,,,,,,,,,,,,,,NQ,P,P,P,P,P,P,P,P,P,P,P,P,P,P,P,P
330,1509.358,297.5,1501.404,7.955,M,CHIBBER,10.95,0.0,0.0,0.0,1,16,,,,,,,,,,,,,,,,,,,,,,NQ,P,P,P,P,P,P,P,P,P,P,P,P,P,P,P,P
331,1509.358,297.5,1501.404,7.955,M,JOHNSON,10.95,0.0,0.0,0.0,1,16,,,,,,,,,,,,,,,,,,,,,,NQ,P,P,P,P,P,P,P,P,P,P,P,P,P,P,P,P
332,1509.358,297.5,1501.404,7.955,M,MAINWARING,10.95,0.0,0.0,0.0,1,16,,,,,,,,,,,,,,,,,,,,,,NQ,P,P,P,P,P,P,P,P,P,P,P,P,P,P,P,P
333,1517.334,267.702,1503.983,13.351,P,CLARK,10.95,0.0,0.0,0.0,1,16,,,,,,,,,,,,,,,,QF,,,,,,NQ,P,P,P,P,P,P,P,P,P,P,P,P,P,P,P,P
334,1510.481,297.5,1501.572,8.909,C,DAVEY,10.9,0.0,0.0,0.0,1,14,,,,,,,,,,,,,,,,,,,,,,,,NQ,P,P,P,P,P,P,P,P,P,P,P,P,P,P
335,1522.084,293.569,1504.261,17.823,G,STANHOPE,10.85,0.0,0.0,0.0,3,5,,,,,,,,,,,,,,,,,,,,,,,,,,,,NQ,P,P,NQ,P,NQ,P,P,P,P,P
336,1514.435,337.875,1502.885,11.55,S,MOTALA-EVANS,10.8,0.0,0.0,0.0,2,6,,,,,,,,,,,,,,,,,,,,,,,,,,NQ,P,P,P,P,P,NQ,P,P,P,P,P,P
337,1515.518,295.375,1502.769,12.749,E,CLARK,10.65,0.0,0.0,0.0,2,9,,,,,,,,,,,,,,,,,,,,,,,,,,NQ,P,P,NQ,P,P,P,P,P,P,P,P,P
338,1515.518,295.375,1502.769,12.749,G,BRADSHAW,10.65,0.0,0.0,0.0,2,9,,,,,,,,,,,,,,,,,,,,,,,,,,NQ,P,P,NQ,P,P,P,P,P,P,P,P,P
339,1515.518,295.375,1502.769,12.749,G,HUGHES,10.65,0.0,0.0,0.0,2,9,,,,,,,,,,,,,,,,,,,,,,,,,,NQ,P,P,NQ,P,P,P,P,P,P,P,P,P
340,1515.518,295.375,1502.769,12.749,J,CREWS,10.65,0.0,0.0,0.0,2,9,,,,,,,,,,,,,,,,,,,,,,,,,,NQ,P,P,NQ,P,P,P,P,P,P,P,P,P
341,1515.623,252.875,1502.66,12.963,L,VANHAESEBROECK,10.65,0.0,0.0,0.0,2,10,,,,,,,,,,,,,,,,,,,,,,,,,,NQ,P,NQ,P,P,P,P,P,P,P,P,P,P
342,1524.264,251.069,1504.12,20.143,C,GRAVILLE,10.55,0.0,0.0,0.0,3,8,,,,,,,,,,,,,,,,,,,,,,,,,,,,NQ,NQ,NQ,P,P,P,P,P,P,P,P
343,1517.351,295.375,1503.097,14.254,E,GARFIELD-OSEN,10.55,0.0,0.0,0.0,2,8,,,,,,,,,,,,,,,,,,,,,,,,,,,NQ,P,P,NQ,P,P,P,P,P,P,P,P
344,1509.358,297.5,1501.404,7.955,H,DEQUETTEVILLE,10.5,0.0,0.0,0.0,1,13,,,,,,,,,,,,,,,,,,,,,,,,,NQ,P,P,P,P,P,P,P,P,P,P,P,P,P
345,1512.19,340.0,1502.903,9.287,T,LETHBRIDGE,10.5,0.0,0.0,0.0,1,13,,,,,,,,,,,,NQ,,,,,,,,,,,,,NQ,P,P,P,P,P,P,P,P,P,P,P,P,P
346,1519.726,293.569,1504.108,15.618,M,QUINN,10.3,0.0,0.0,0.0,3,3,,,,,,,,,,,,,,,,,,,,,,,,,,,,,NQ,P,P,NQ,P,P,NQ,P,P,P
347,1525.91,255.908,1505.486,20.425,A,PHILLIPS,10.2,0.0,0.0,0.0,4,2,,,,,,,,,,,,,,,,,,,,,,,,,,,,,,,NQ,NQ,NQ,P,P,NQ,P,P
348,1509.358,297.5,1501.404,7.955,A,CLARK,10.1,0.0,0.0,0.0,1,12,,,,,,,,,,,,,,,,,,,,,,,,,,NQ,P,P,P,P,P,P,P,P,P,P,P,P
349,1509.358,297.5,1501.404,7.955,B,ANWAR,10.1,0.0,0.0,0.0,1,12,,,,,,,,,,,,,,,,,,,,,,,,,,NQ,P,P,P,P,P,P,P,P,P,P,P,P
350,1509.358,297.5,1501.404,7.955,E,CLUTTON,10.1,0.0,0.0,0.0,1,12,,,,,,,,,,,,,,,,,,,,,,,,,,NQ,P,P,P,P,P,P,P,P,P,P,P,P
351,1509.358,297.5,1501.404,7.955,M,BALY,10.1,0.0,0.0,0.0,1,12,,,,,,,,,,,,,,,,,,,,,,,,,,NQ,P,P,P,P,P,P,P,P,P,P,P,P
352,1518.944,340.0,1509.366,9.578,M,YATES,10.1,0.0,0.0,0.0,1,12,NQ,L16,,NQ,,,QF,,,NQ,,,,,,,,,,,,,,,,NQ,P,P,P,P,P,P,P,P,P,P,P,P
353,1509.358,297.5,1501.404,7.955,W,TATE,10.1,0.0,0.0,0.0,1,12,,,,,,,,,,,,,,,,,,,,,,,,,,NQ,P,P,P,P,P,P,P,P,P,P,P,P
354,1515.518,295.375,1502.769,12.749,R,SWALLOW,10.0,0.0,0.0,0.0,2,7,,,,,,,,,,,,,,,,,,,,,,,,,,,,NQ,P,P,NQ,P,P,P,P,P,P,P
355,1510.481,297.5,1501.572,8.909,A,WHITE,9.85,0.0,0.0,0.0,1,11,,,,,,,,,,,,,,,,,,,,,,,,,,,NQ,P,P,P,P,P,P,P,P,P,P,P
356,1510.481,297.5,1501.572,8.909,J,ARTIS,9.85,0.0,0.0,0.0,1,11,,,,,,,,,,,,,,,,,,,,,,,,,,,NQ,P,P,P,P,P,P,P,P,P,P,P
357,1510.481,297.5,1501.572,8.909,R,UNIACKE,9.85,0.0,0.0,0.0,1,11,,,,,,,,,,,,,,,,,,,,,,,,,,,NQ,P,P,P,P,P,P,P,P,P,P,P
358,1515.518,295.375,1502.769,12.749,W,WOODS,9.45,0.0,0.0,0.0,2,6,,,,,,,,,,,,,,,,,,,,,,,,,,,,,NQ,P,P,NQ,P,P,P,P,P,P
359,1516.144,337.875,1503.228,12.917,T,LEACH,9.35,0.0,0.0,0.0,2,2,,,,,,,,,,,,,,,,,,,,,,,,,,,,,,NQ,P,P,P,P,P,NQ,P,P
360,1522.526,293.569,1504.093,18.433,V,KASSARDJIAN,9.35,0.0,0.0,0.0,3,3,,,,,,,,,,,,,,,,,,,,,,,,,,,,,,,NQ,P,P,NQ,NQ,P,P,P
361,1509.358,297.5,1501.404,7.955,M,GORE,9.3,0.0,0.0,0.0,1,10,,,,,,,,,,,,,,,,,,,,,,,,,,,,NQ,P,P,P,P,P,P,P,P,P,P
362,1509.358,297.5,1501.404,7.955,N,HIGGINS,9.3,0.0,0.0,0.0,1,10,,,,,,,,,,,,,,,,,,,,,,,,,,,,NQ,P,P,P,P,P,P,P,P,P,P
363,1519.726,293.569,1504.108,15.618,A,SAPOZHENKO,8.8,0.0,0.0,0.0,3,0,,,,,,,,,,,,,,,,,,,,,,,,,,,,,,,,NQ,P,P,NQ,P,P,NQ
364,1519.726,293.569,1504.108,15.618,G,BATTERSBY,8.8,0.0,0.0,0.0,3,0,,,,,,,,,,,,,,,,,,,,,,,,,,,,,,,,NQ,P,P,NQ,P,P,NQ
365,1509.358,297.5,1501.404,7.955,A,ANOOP,8.75,0.0,0.0,0.0,1,9,,,,,,,,,,,,,,,,,,,,,,,,,,,,,NQ,P,P,P,P,P,P,P,P,P
366,1509.358,297.5,1501.404,7.955,A,LEWIS,8.75,0.0,0.0,0.0,1,9,,,,,,,,,,,,,,,,,,,,,,,,,,,,,NQ,P,P,P,P,P,P,P,P,P
367,1509.358,297.5,1501.404,7.955,C,MCMICHAEL,8.75,0.0,0.0,0.0,1,9,,,,,,,,,,,,,,,,,,,,,,,,,,,,,NQ,P,P,P,P,P,P,P,P,P
368,1509.358,297.5,1501.404,7.955,J,HOME,8.75,0.0,0.0,0.0,1,9,,,,,,,,,,,,,,,,,,,,,,,,,,,,,NQ,P,P,P,P,P,P,P,P,P
369,1509.358,297.5,1501.404,7.955,M,TSIOUPINI,8.75,0.0,0.0,0.0,1,9,,,,,,,,,,,,,,,,,,,,,,,,,,,,,NQ,P,P,P,P,P,P,P,P,P
370,1509.358,297.5,1501.404,7.955,S,SHETTY,8.75,0.0,0.0,0.0,1,9,,,,,,,,,,,,,,,,,,,,,,,,,,,,,NQ,P,P,P,P,P,P,P,P,P
371,1515.288,340.0,1505.906,9.382,T,STUBBS,8.75,0.0,0.0,0.0,1,9,,NQ,,,,,,,,,,,,,,NQ,,,,,,,,,,,,,NQ,P,P,P,P,P,P,P,P,P
372,1509.358,297.5,1501.404,7.955,T,WHITEHEAD,8.75,0.0,0.0,0.0,1,9,,,,,,,,,,,,,,,,,,,,,,,,,,,,,NQ,P,P,P,P,P,P,P,P,P
373,1516.124,337.875,1503.059,13.064,M,DAVIS,8.649999999999999,0.0,0.0,0.0,2,2,,,,,,,,,,,,,,,,,,,,,,,,,,,,,,,NQ,P,P,P,P,NQ,P,P
374,1517.413,295.375,1502.928,14.485,A,ANDERSON,8.5,0.0,0.0,0.0,2,5,,,,,,,,,,,,,,,,,,,,,,,,,,,,,,,NQ,P,NQ,P,P,P,P,P
375,1526.983,255.908,1505.33,21.654,H,ETHERINGTON,8.4,0.0,0.0,0.0,4,0,,,,,,,,,,,,,,,,,,,,,,,,,,,,,,,,,,NQ,NQ,NQ,P,NQ
376,1522.404,293.569,1504.422,17.982,L,DRUMMOND,8.399999999999999,0.0,0.0,0.0,3,0,,,,,,,,,,,,,,,,,,,,,,,,,,,,,,,,,NQ,P,P,NQ,P,NQ
377,1514.247,340.0,1504.571,9.676,A,CONSTANTINE,8.35,0.0,0.0,0.0,1,8,,,,,,NQ,,,,,,,,,,,,,,,,,,,,,,,,NQ,P,P,P,P,P,P,P,P
378,1510.481,297.5,1501.572,8.909,B,BRIGGS,8.35,0.0,0.0,0.0,1,8,,,,,,,,,,,,,,,,,,,,,,,,,,,,,,NQ,P,P,P,P,P,P,P,P
379,1510.481,297.5,1501.572,8.909,C,MICHAELS,8.35,0.0,0.0,0.0,1,8,,,,,,,,,,,,,,,,,,,,,,,,,,,,,,NQ,P,P,P,P,P,P,P,P
380,1517.265,295.375,1502.76,14.505,E,GOSNELL,8.35,0.0,0.0,0.0,2,6,,,,,,,,,,,,,,,,,,,,,,,,,,,,,,,NQ,NQ,P,P,P,P,P,P
381,1517.265,295.375,1502.76,14.505,H,GARDNER,8.35,0.0,0.0,0.0,2,6,,,,,,,,,,,,,,,,,,,,,,,,,,,,,,,NQ,NQ,P,P,P,P,P,P
382,1510.481,297.5,1501.572,8.909,J,GREENHOUSE,8.35,0.0,0.0,0.0,1,8,,,,,,,,,,,,,,,,,,,,,,,,,,,,,,NQ,P,P,P,P,P,P,P,P
383,1510.481,297.5,1501.572,8.909,SAAJAN,SHAH,8.35,0.0,0.0,0.0,1,8,,,,,,,,,,,,,,,,,,,,,,,,,,,,,,NQ,P,P,P,P,P,P,P,P
384,1522.571,340.0,1512.16,10.411,W,BETTS,8.35,0.0,0.0,0.0,1,8,,NQ,,,L16,,,L16,,,NQ,NQ,,,,,,,,,,,,,,,,,,NQ,P,P,P,P,P,P,P,P
385,1515.518,295.375,1502.769,12.749,L,HURSTHOUSE,7.8,0.0,0.0,0.0,2,3,,,,,,,,,,,,,,,,,,,,,,,,,,,,,,,,NQ,P,P,NQ,P,P,P
386,1515.518,295.375,1502.769,12.749,M,DRAPER,7.8,0.0,0.0,0.0,2,3,,,,,,,,,,,,,,,,,,,,,,,,,,,,,,,,NQ,P,P,NQ,P,P,P
387,1509.358,297.5,1501.404,7.955,F,LEBON,7.65,0.0,0.0,0.0,1,7,,,,,,,,,,,,,,,,,,,,,,,,,,,,,,,NQ,P,P,P,P,P,P,P
388,1519.496,340.0,1509.373,10.123,I,HUTCHINSON,7.65,0.0,0.0,0.0,1,7,,,,,,,,,,,SF,,,QF,,,,,,,,,,,,,,,,,NQ,P,P,P,P,P,P,P
389,1509.358,297.5,1501.404,7.955,V,BALLINGAL,7.65,0.0,0.0,0.0,1,7,,,,,,,,,,,,,,,,,,,,,,,,,,,,,,,NQ,P,P,P,P,P,P,P
390,1509.358,297.5,1501.404,7.955,A,AKANDA,6.949999999999999,0.0,0.0,0.0,1,6,,,,,,,,,,,,,,,,,,,,,,,,,,,,,,,,NQ,P,P,P,P,P,P
391,1509.358,297.5,1501.404,7.955,D,MCLOUGHLIN,6.949999999999999,0.0,0.0,0.0,1,6,,,,,,,,,,,,,,,,,,,,,,,,,,,,,,,,NQ,P,P,P,P,P,P
392,1509.358,297.5,1501.404,7.955,G,HOLLIDAY,6.949999999999999,0.0,0.0,0.0,1,6,,,,,,,,,,,,,,,,,,,,,,,,,,,,,,,,NQ,P,P,P,P,P,P
393,1509.358,297.5,1501.404,7.955,O,PARTON,6.949999999999999,0.0,0.0,0.0,1,6,,,,,,,,,,,,,,,,,,,,,,,,,,,,,,,,NQ,P,P,P,P,P,P
394,1521.902,257.444,1504.043,17.859,K,BHAVSAR,6.7,0.0,0.0,0.0,3,0,,,,,,,,,,,,,,,,,,,,,,,,,,,,,,,,,,,NQ,NQ,P,NQ
395,1521.902,257.444,1504.043,17.859,L,WHITNALL,6.7,0.0,0.0,0.0,3,0,,,,,,,,,,,,,,,,,,,,,,,,,,,,,,,,,,,NQ,NQ,P,NQ
396,1521.902,257.444,1504.043,17.859,O,RUSHTON,6.7,0.0,0.0,0.0,3,0,,,,,,,,,,,,,,,,,,,,,,,,,,,,,,,,,,,NQ,NQ,P,NQ
397,1510.481,297.5,1501.572,8.909,D,FRANCIS,6.4,0.0,0.0,0.0,1,5,,,,,,,,,,,,,,,,,,,,,,,,,,,,,,,,,NQ,P,P,P,P,P
398,1510.481,297.5,1501.572,8.909,F,MANDERSON-HARKIN,6.4,0.0,0.0,0.0,1,5,,,,,,,,,,,,,,,,,,,,,,,,,,,,,,,,,NQ,P,P,P,P,P
399,1510.481,297.5,1501.572,8.909,H,BARMA,6.4,0.0,0.0,0.0,1,5,,,,,,,,,,,,,,,,,,,,,,,,,,,,,,,,,NQ,P,P,P,P,P
400,1510.481,297.5,1501.572,8.909,O,MEREDITH,6.4,0.0,0.0,0.0,1,5,,,,,,,,,,,,,,,,,,,,,,,,,,,,,,,,,NQ,P,P,P,P,P
401,1515.518,295.375,1502.769,12.749,A,SHETTY,5.7,0.0,0.0,0.0,2,0,,,,,,,,,,,,,,,,,,,,,,,,,,,,,,,,,,,NQ,P,P,NQ
402,1515.518,295.375,1502.769,12.749,B,ADENUGBA,5.7,0.0,0.0,0.0,2,0,,,,,,,,,,,,,,,,,,,,,,,,,,,,,,,,,,,NQ,P,P,NQ
403,1515.518,295.375,1502.769,12.749,C,DINMORE,5.7,0.0,0.0,0.0,2,0,,,,,,,,,,,,,,,,,,,,,,,,,,,,,,,,,,,NQ,P,P,NQ
404,1515.518,295.375,1502.769,12.749,P,GRIFFITHS,5.7,0.0,0.0,0.0,2,0,,,,,,,,,,,,,,,,,,,,,,,,,,,,,,,,,,,NQ,P,P,NQ
405,1517.165,295.375,1502.929,14.236,J,LEVINSON,5.0,0.0,0.0,0.0,2,0,,,,,,,,,,,,,,,,,,,,,,,,,,,,,,,,,,,,NQ,P,NQ
406,1509.358,297.5,1501.404,7.955,F,OGILBY,4.7,0.0,0.0,0.0,1,3,,,,,,,,,,,,,,,,,,,,,,,,,,,,,,,,,,,NQ,P,P,P
407,1509.358,297.5,1501.404,7.955,I,SIMMONS,4.7,0.0,0.0,0.0,1,3,,,,,,,,,,,,,,,,,,,,,,,,,,,,,,,,,,,NQ,P,P,P
408,1509.358,297.5,1501.404,7.955,L,MALANAPHY,4.7,0.0,0.0,0.0,1,3,,,,,,,,,,,,,,,,,,,,,,,,,,,,,,,,,,,NQ,P,P,P
409,1518.97,340.0,1509.774,9.196,M,PUGH,4.7,0.0,0.0,0.0,1,3,,,,,,NQ,,NQ,,NQ,,,NQ,L16,,,,,,,,,,,,,,,,,,,,,NQ,P,P,P
410,1509.358,297.5,1501.404,7.955,M,TOMBLIN,4.7,0.0,0.0,0.0,1,3,,,,,,,,,,,,,,,,,,,,,,,,,,,,,,,,,,,NQ,P,P,P
411,1510.481,297.5,1501.572,8.909,C,TYE,4.0,0.0,0.0,0.0,1,2,,,,,,,,,,,,,,,,,,,,,,,,,,,,,,,,,,,,NQ,P,P
412,1510.481,297.5,1501.572,8.909,J,POULARD,4.0,0.0,0.0,0.0,1,2,,,,,,,,,,,,,,,,,,,,,,,,,,,,,,,,,,,,NQ,P,P
413,1510.481,297.5,1501.572,8.909,J,ROBB,4.0,0.0,0.0,0.0,1,2,,,,,,,,,,,,,,,,,,,,,,,,,,,,,,,,,,,,NQ,P,P
414,1510.481,297.5,1501.572,8.909,J,TYE,4.0,0.0,0.0,0.0,1,2,,,,,,,,,,,,,,,,,,,,,,,,,,,,,,,,,,,,NQ,P,P
415,1510.481,297.5,1501.572,8.909,JACK,HOPKINS,4.0,0.0,0.0,0.0,1,2,,,,,,,,,,,,,,,,,,,,,,,,,,,,,,,,,,,,NQ,P,P
416,1510.481,297.5,1501.572,8.909,T,SEELY,4.0,0.0,0.0,0.0,1,2,,,,,,,,,,,,,,,,,,,,,,,,,,,,,,,,,,,,NQ,P,P
417,1509.358,297.5,1501.404,7.955,A,HEALY,2.0,0.0,0.0,0.0,1,0,,,,,,,,,,,,,,,,,,,,,,,,,,,,,,,,,,,,,,NQ
418,1509.358,297.5,1501.404,7.955,C,DOVASTON,2.0,0.0,0.0,0.0,1,0,,,,,,,,,,,,,,,,,,,,,,,,,,,,,,,,,,,,,,NQ
419,1509.358,297.5,1501.404,7.955,D,METELSKIY,2.0,0.0,0.0,0.0,1,0,,,,,,,,,,,,,,,,,,,,,,,,,,,,,,,,,,,,,,NQ
420,1509.358,297.5,1501.404,7.955,J,HUGHES,2.0,0.0,0.0,0.0,1,0,,,,,,,,,,,,,,,,,,,,,,,,,,,,,,,,,,,,,,NQ
421,1509.358,297.5,1501.404,7.955,N,HAMMOND,2.0,0.0,0.0,0.0,1,0,,,,,,,,,,,,,,,,,,,,,,,,,,,,,,,,,,,,,,NQ
422,1509.358,297.5,1501.404,7.955,R,DARKE,2.0,0.0,0.0,0.0,1,0,,,,,,,,,,,,,,,,,,,,,,,,,,,,,,,,,,,,,,NQ
423,1509.358,297.5,1501.404,7.955,R,HAIDER,2.0,0.0,0.0,0.0,1,0,,,,,,,,,,,,,,,,,,,,,,,,,,,,,,,,,,,,,,NQ
424,1509.358,297.5,1501.404,7.955,S,BELFIELD,2.0,0.0,0.0,0.0,1,0,,,,,,,,,,,,,,,,,,,,,,,,,,,,,,,,,,,,,,NQ
425,1509.358,297.5,1501.404,7.955,S,SPIBY,2.0,0.0,0.0,0.0,1,0,,,,,,,,,,,,,,,,,,,,,,,,,,,,,,,,,,,,,,NQ
426,1509.358,297.5,1501.404,7.955,Y,LUO,2.0,0.0,0.0,0.0,1,0,,,,,,,,,,,,,,,,,,,,,,,,,,,,,,,,,,,,,,NQ
427,1509.358,297.5,1501.404,7.955,YEE,MAK,2.0,0.0,0.0,0.0,1,0,,,,,,,,,,,,,,,,,,,,,,,,,,,,,,,,,,,,,,NQ
